Workbook

Sheet Historias de Usuario
B1: Metodologías ágiles: Lista de tareas de la iteración
B2: (Sprint Backlog)
B3: Elaborado por: pmoinformatica.com
H4: Día 1 | K4: Día 2 | N4: Día 3 | Q4: Día 4 | T4: Día 5 | W4: Día 6 | Z4: Día 7 | AC4: Día 8 | AF4: Día 9 | AI4: Día 10 | AL4: Día 11 | AO4: Día 12 | AR4: Día 13 | AU4: Día 14 | AX4: Día 15 | BA4: Día 16 | BD4: Día 17 | BG4: Día 18 | BJ4: Día 19 | BM4: Día 20 | BP4: Total
B5: Identificador (ID) de item de product backlog | C5: Enunciado del item de Product Backlog | D5: Tarea | E5: Dueño / Voluntario | F5: Estatus | G5: Horas estimadas totales | H5: Cons. | I5: Rest. | K5: Cons. | L5: Rest. | N5: Cons. | O5: Rest. | Q5: Cons. | R5: Rest. | T5: Cons. | U5: Rest. | W5: Cons. | X5: Rest. | Z5: Cons. | AA5: Rest. | AC5: Cons. | AD5: Rest. | AF5: Cons. | AG5: Rest. | AI5: Cons. | AJ5: Rest. | AL5: Cons. | AM5: Rest. | AO5: Cons. | AP5: Rest. | AR5: Cons. | AS5: Rest. | AU5: Cons. | AV5: Rest. | AX5: Cons. | AY5: Rest. | BA5: Cons. | BB5: Rest. | BD5: Cons. | BE5: Rest. | BG5: Cons. | BH5: Rest. | BJ5: Cons. | BK5: Rest. | BM5: Cons. | BN5: Rest. | BP5: Cons. | BQ5: Rest.
B6: Sprint 1 · 10/08/2026 al 23/08/2026 · Análisis de problemática y solución N/A | C6: Sin historia de usuario (actividad de documentación) | D6: Analizar la problemática y las necesidades de pacientes y psicólogos | E6: Ambos | F6: Hecho | G6: 12 | H6: 2 | I6: =G6-H6 -> 10 | K6: 2 | L6: =I6-K6 -> 8 | N6: 4 | O6: =L6-N6 -> 4 | Q6: 2 | R6: =O6-Q6 -> 2 | T6: 2 | U6: =R6-T6 -> 0 | X6: =U6-W6 -> 0 | AA6: =X6-Z6 -> 0 | AD6: =AA6-AC6 -> 0 | AG6: =AD6-AF6 -> 0 | AJ6: =AG6-AI6 -> 0 | AM6: =AJ6-AL6 -> 0 | AP6: =AM6-AO6 -> 0 | AS6: =AP6-AR6 -> 0 | AV6: =AS6-AU6 -> 0 | AY6: =AV6-AX6 -> 0 | BB6: =AY6-BA6 -> 0 | BE6: =BB6-BD6 -> 0 | BH6: =BE6-BG6 -> 0 | BK6: =BH6-BJ6 -> 0 | BN6: =BK6-BM6 -> 0 | BP6: =H6+K6+N6+Q6+T6+W6+Z6+AC6+AF6+AI6+AL6+AO6+AR6+AU6+AX6+BA6+BD6+BG6+BJ6+BM6 -> 12 | BQ6: =G6-BP6 -> 0
D7: Definir los requerimientos funcionales y no funcionales | E7: Ambos | F7: Hecho | G7: 10 | I7: =G7-H7 -> 10 | L7: =I7-K7 -> 10 | O7: =L7-N7 -> 10 | R7: =O7-Q7 -> 10 | T7: 2 | U7: =R7-T7 -> 8 | W7: 2 | X7: =U7-W7 -> 6 | Z7: 2 | AA7: =X7-Z7 -> 4 | AC7: 4 | AD7: =AA7-AC7 -> 0 | AG7: =AD7-AF7 -> 0 | AJ7: =AG7-AI7 -> 0 | AM7: =AJ7-AL7 -> 0 | AP7: =AM7-AO7 -> 0 | AS7: =AP7-AR7 -> 0 | AV7: =AS7-AU7 -> 0 | AY7: =AV7-AX7 -> 0 | BB7: =AY7-BA7 -> 0 | BE7: =BB7-BD7 -> 0 | BH7: =BE7-BG7 -> 0 | BK7: =BH7-BJ7 -> 0 | BN7: =BK7-BM7 -> 0 | BP7: =H7+K7+N7+Q7+T7+W7+Z7+AC7+AF7+AI7+AL7+AO7+AR7+AU7+AX7+BA7+BD7+BG7+BJ7+BM7 -> 10 | BQ7: =G7-BP7 -> 0
D8: Definir la propuesta de solución PsicoHábitos-IA | E8: Ambos | F8: Hecho | G8: 6 | I8: =G8-H8 -> 6 | L8: =I8-K8 -> 6 | O8: =L8-N8 -> 6 | R8: =O8-Q8 -> 6 | U8: =R8-T8 -> 6 | X8: =U8-W8 -> 6 | AA8: =X8-Z8 -> 6 | AD8: =AA8-AC8 -> 6 | AF8: 2 | AG8: =AD8-AF8 -> 4 | AI8: 4 | AJ8: =AG8-AI8 -> 0 | AM8: =AJ8-AL8 -> 0 | AP8: =AM8-AO8 -> 0 | AS8: =AP8-AR8 -> 0 | AV8: =AS8-AU8 -> 0 | AY8: =AV8-AX8 -> 0 | BB8: =AY8-BA8 -> 0 | BE8: =BB8-BD8 -> 0 | BH8: =BE8-BG8 -> 0 | BK8: =BH8-BJ8 -> 0 | BN8: =BK8-BM8 -> 0 | BP8: =H8+K8+N8+Q8+T8+W8+Z8+AC8+AF8+AI8+AL8+AO8+AR8+AU8+AX8+BA8+BD8+BG8+BJ8+BM8 -> 6 | BQ8: =G8-BP8 -> 0
B10: Sprint 2 · 24/08/2026 al 06/09/2026 · Planificación y definición del proyecto N/A | C10: Sin historia de usuario (actividad de documentación) | D10: Definir el alcance, la arquitectura y las tecnologías del proyecto | E10: Ambos | F10: Hecho | G10: 12 | H10: 2 | I10: =G10-H10 -> 10 | K10: 3 | L10: =I10-K10 -> 7 | N10: 3 | O10: =L10-N10 -> 4 | Q10: 3 | R10: =O10-Q10 -> 1 | T10: 1 | U10: =R10-T10 -> 0 | X10: =U10-W10 -> 0 | AA10: =X10-Z10 -> 0 | AD10: =AA10-AC10 -> 0 | AG10: =AD10-AF10 -> 0 | AJ10: =AG10-AI10 -> 0 | AM10: =AJ10-AL10 -> 0 | AP10: =AM10-AO10 -> 0 | AS10: =AP10-AR10 -> 0 | AV10: =AS10-AU10 -> 0 | AY10: =AV10-AX10 -> 0 | BB10: =AY10-BA10 -> 0 | BE10: =BB10-BD10 -> 0 | BH10: =BE10-BG10 -> 0 | BK10: =BH10-BJ10 -> 0 | BN10: =BK10-BM10 -> 0 | BP10: =H10+K10+N10+Q10+T10+W10+Z10+AC10+AF10+AI10+AL10+AO10+AR10+AU10+AX10+BA10+BD10+BG10+BJ10+BM10 -> 12 | BQ10: =G10-BP10 -> 0
D11: Planificar los 8 sprints en la Carta Gantt | E11: Ambos | F11: Hecho | G11: 6 | I11: =G11-H11 -> 6 | L11: =I11-K11 -> 6 | O11: =L11-N11 -> 6 | R11: =O11-Q11 -> 6 | T11: 3 | U11: =R11-T11 -> 3 | W11: 2 | X11: =U11-W11 -> 1 | Z11: 1 | AA11: =X11-Z11 -> 0 | AD11: =AA11-AC11 -> 0 | AG11: =AD11-AF11 -> 0 | AJ11: =AG11-AI11 -> 0 | AM11: =AJ11-AL11 -> 0 | AP11: =AM11-AO11 -> 0 | AS11: =AP11-AR11 -> 0 | AV11: =AS11-AU11 -> 0 | AY11: =AV11-AX11 -> 0 | BB11: =AY11-BA11 -> 0 | BE11: =BB11-BD11 -> 0 | BH11: =BE11-BG11 -> 0 | BK11: =BH11-BJ11 -> 0 | BN11: =BK11-BM11 -> 0 | BP11: =H11+K11+N11+Q11+T11+W11+Z11+AC11+AF11+AI11+AL11+AO11+AR11+AU11+AX11+BA11+BD11+BG11+BJ11+BM11 -> 6 | BQ11: =G11-BP11 -> 0
D12: Documentar la definición del proyecto (Guía de la Fase 1) | E12: Ambos | F12: Hecho | G12: 10 | I12: =G12-H12 -> 10 | L12: =I12-K12 -> 10 | O12: =L12-N12 -> 10 | R12: =O12-Q12 -> 10 | U12: =R12-T12 -> 10 | X12: =U12-W12 -> 10 | Z12: 2 | AA12: =X12-Z12 -> 8 | AC12: 3 | AD12: =AA12-AC12 -> 5 | AF12: 3 | AG12: =AD12-AF12 -> 2 | AI12: 2 | AJ12: =AG12-AI12 -> 0 | AM12: =AJ12-AL12 -> 0 | AP12: =AM12-AO12 -> 0 | AS12: =AP12-AR12 -> 0 | AV12: =AS12-AU12 -> 0 | AY12: =AV12-AX12 -> 0 | BB12: =AY12-BA12 -> 0 | BE12: =BB12-BD12 -> 0 | BH12: =BE12-BG12 -> 0 | BK12: =BH12-BJ12 -> 0 | BN12: =BK12-BM12 -> 0 | BP12: =H12+K12+N12+Q12+T12+W12+Z12+AC12+AF12+AI12+AL12+AO12+AR12+AU12+AX12+BA12+BD12+BG12+BJ12+BM12 -> 10 | BQ12: =G12-BP12 -> 0
D13: Crear el repositorio del proyecto en GitHub | E13: Yosvani | F13: Hecho | G13: 2 | I13: =G13-H13 -> 2 | L13: =I13-K13 -> 2 | O13: =L13-N13 -> 2 | R13: =O13-Q13 -> 2 | U13: =R13-T13 -> 2 | X13: =U13-W13 -> 2 | AA13: =X13-Z13 -> 2 | AD13: =AA13-AC13 -> 2 | AG13: =AD13-AF13 -> 2 | AI13: 2 | AJ13: =AG13-AI13 -> 0 | AM13: =AJ13-AL13 -> 0 | AP13: =AM13-AO13 -> 0 | AS13: =AP13-AR13 -> 0 | AV13: =AS13-AU13 -> 0 | AY13: =AV13-AX13 -> 0 | BB13: =AY13-BA13 -> 0 | BE13: =BB13-BD13 -> 0 | BH13: =BE13-BG13 -> 0 | BK13: =BH13-BJ13 -> 0 | BN13: =BK13-BM13 -> 0 | BP13: =H13+K13+N13+Q13+T13+W13+Z13+AC13+AF13+AI13+AL13+AO13+AR13+AU13+AX13+BA13+BD13+BG13+BJ13+BM13 -> 2 | BQ13: =G13-BP13 -> 0
B15: Sprint 3 · 07/09/2026 al 20/09/2026 · Desarrollo de login y conexión a la base de datos HU-AUTH-0001 | C15: Como un usuario, necesito iniciar sesión con mi correo y contraseña, con la finalidad de acceder de forma segura a mi perfil | D15: Implementar el login unificado | E15: Yosvani | F15: Hecho | G15: 3 | H15: 3 | I15: =G15-H15 -> 0 | L15: =I15-K15 -> 0 | O15: =L15-N15 -> 0 | R15: =O15-Q15 -> 0 | U15: =R15-T15 -> 0 | X15: =U15-W15 -> 0 | AA15: =X15-Z15 -> 0 | AD15: =AA15-AC15 -> 0 | AG15: =AD15-AF15 -> 0 | AJ15: =AG15-AI15 -> 0 | AM15: =AJ15-AL15 -> 0 | AP15: =AM15-AO15 -> 0 | AS15: =AP15-AR15 -> 0 | AV15: =AS15-AU15 -> 0 | AY15: =AV15-AX15 -> 0 | BB15: =AY15-BA15 -> 0 | BE15: =BB15-BD15 -> 0 | BH15: =BE15-BG15 -> 0 | BK15: =BH15-BJ15 -> 0 | BN15: =BK15-BM15 -> 0 | BP15: =H15+K15+N15+Q15+T15+W15+Z15+AC15+AF15+AI15+AL15+AO15+AR15+AU15+AX15+BA15+BD15+BG15+BJ15+BM15 -> 3 | BQ15: =G15-BP15 -> 0
B16: HU-AUTH-0002 | C16: Como un usuario, necesito que el sistema verifique si mi correo ya está registrado, con la finalidad de guiarme al flujo de acceso correcto | D16: Implementar la verificación de correo | E16: Yosvani | F16: Hecho | G16: 1 | I16: =G16-H16 -> 1 | K16: 1 | L16: =I16-K16 -> 0 | O16: =L16-N16 -> 0 | R16: =O16-Q16 -> 0 | U16: =R16-T16 -> 0 | X16: =U16-W16 -> 0 | AA16: =X16-Z16 -> 0 | AD16: =AA16-AC16 -> 0 | AG16: =AD16-AF16 -> 0 | AJ16: =AG16-AI16 -> 0 | AM16: =AJ16-AL16 -> 0 | AP16: =AM16-AO16 -> 0 | AS16: =AP16-AR16 -> 0 | AV16: =AS16-AU16 -> 0 | AY16: =AV16-AX16 -> 0 | BB16: =AY16-BA16 -> 0 | BE16: =BB16-BD16 -> 0 | BH16: =BE16-BG16 -> 0 | BK16: =BH16-BJ16 -> 0 | BN16: =BK16-BM16 -> 0 | BP16: =H16+K16+N16+Q16+T16+W16+Z16+AC16+AF16+AI16+AL16+AO16+AR16+AU16+AX16+BA16+BD16+BG16+BJ16+BM16 -> 1 | BQ16: =G16-BP16 -> 0
B17: HU-AUTH-0003 | C17: Como un usuario nuevo, necesito activar mi cuenta con un código enviado a mi correo, con la finalidad de validar mi identidad antes de usar la app | D17: Implementar la activación de cuenta con código | E17: Yosvani | F17: Hecho | G17: 3 | I17: =G17-H17 -> 3 | K17: 2 | L17: =I17-K17 -> 1 | N17: 1 | O17: =L17-N17 -> 0 | R17: =O17-Q17 -> 0 | U17: =R17-T17 -> 0 | X17: =U17-W17 -> 0 | AA17: =X17-Z17 -> 0 | AD17: =AA17-AC17 -> 0 | AG17: =AD17-AF17 -> 0 | AJ17: =AG17-AI17 -> 0 | AM17: =AJ17-AL17 -> 0 | AP17: =AM17-AO17 -> 0 | AS17: =AP17-AR17 -> 0 | AV17: =AS17-AU17 -> 0 | AY17: =AV17-AX17 -> 0 | BB17: =AY17-BA17 -> 0 | BE17: =BB17-BD17 -> 0 | BH17: =BE17-BG17 -> 0 | BK17: =BH17-BJ17 -> 0 | BN17: =BK17-BM17 -> 0 | BP17: =H17+K17+N17+Q17+T17+W17+Z17+AC17+AF17+AI17+AL17+AO17+AR17+AU17+AX17+BA17+BD17+BG17+BJ17+BM17 -> 3 | BQ17: =G17-BP17 -> 0
B18: HU-AUTH-0004 | C18: Como un usuario nuevo, necesito crear mi contraseña inicial cumpliendo requisitos de seguridad, con la finalidad de proteger mi cuenta | D18: Implementar la creación de la contraseña inicial | E18: Yosvani | F18: Hecho | G18: 2 | I18: =G18-H18 -> 2 | L18: =I18-K18 -> 2 | N18: 2 | O18: =L18-N18 -> 0 | R18: =O18-Q18 -> 0 | U18: =R18-T18 -> 0 | X18: =U18-W18 -> 0 | AA18: =X18-Z18 -> 0 | AD18: =AA18-AC18 -> 0 | AG18: =AD18-AF18 -> 0 | AJ18: =AG18-AI18 -> 0 | AM18: =AJ18-AL18 -> 0 | AP18: =AM18-AO18 -> 0 | AS18: =AP18-AR18 -> 0 | AV18: =AS18-AU18 -> 0 | AY18: =AV18-AX18 -> 0 | BB18: =AY18-BA18 -> 0 | BE18: =BB18-BD18 -> 0 | BH18: =BE18-BG18 -> 0 | BK18: =BH18-BJ18 -> 0 | BN18: =BK18-BM18 -> 0 | BP18: =H18+K18+N18+Q18+T18+W18+Z18+AC18+AF18+AI18+AL18+AO18+AR18+AU18+AX18+BA18+BD18+BG18+BJ18+BM18 -> 2 | BQ18: =G18-BP18 -> 0
B19: HU-AUTH-0005 | C19: Como un usuario, necesito recuperar mi contraseña mediante un código enviado a mi correo, con la finalidad de volver a ingresar si la olvido | D19: Implementar el flujo de recuperación de contraseña | E19: Yosvani | F19: Hecho | G19: 3 | I19: =G19-H19 -> 3 | L19: =I19-K19 -> 3 | O19: =L19-N19 -> 3 | Q19: 3 | R19: =O19-Q19 -> 0 | U19: =R19-T19 -> 0 | X19: =U19-W19 -> 0 | AA19: =X19-Z19 -> 0 | AD19: =AA19-AC19 -> 0 | AG19: =AD19-AF19 -> 0 | AJ19: =AG19-AI19 -> 0 | AM19: =AJ19-AL19 -> 0 | AP19: =AM19-AO19 -> 0 | AS19: =AP19-AR19 -> 0 | AV19: =AS19-AU19 -> 0 | AY19: =AV19-AX19 -> 0 | BB19: =AY19-BA19 -> 0 | BE19: =BB19-BD19 -> 0 | BH19: =BE19-BG19 -> 0 | BK19: =BH19-BJ19 -> 0 | BN19: =BK19-BM19 -> 0 | BP19: =H19+K19+N19+Q19+T19+W19+Z19+AC19+AF19+AI19+AL19+AO19+AR19+AU19+AX19+BA19+BD19+BG19+BJ19+BM19 -> 3 | BQ19: =G19-BP19 -> 0
B20: HU-AUTH-0007 | C20: Como un usuario, necesito cerrar sesión desde mi perfil, con la finalidad de proteger mi cuenta en dispositivos compartidos | D20: Agregar cerrar sesión en el perfil | E20: Yosvani | F20: Hecho | G20: 1 | I20: =G20-H20 -> 1 | L20: =I20-K20 -> 1 | O20: =L20-N20 -> 1 | R20: =O20-Q20 -> 1 | T20: 1 | U20: =R20-T20 -> 0 | X20: =U20-W20 -> 0 | AA20: =X20-Z20 -> 0 | AD20: =AA20-AC20 -> 0 | AG20: =AD20-AF20 -> 0 | AJ20: =AG20-AI20 -> 0 | AM20: =AJ20-AL20 -> 0 | AP20: =AM20-AO20 -> 0 | AS20: =AP20-AR20 -> 0 | AV20: =AS20-AU20 -> 0 | AY20: =AV20-AX20 -> 0 | BB20: =AY20-BA20 -> 0 | BE20: =BB20-BD20 -> 0 | BH20: =BE20-BG20 -> 0 | BK20: =BH20-BJ20 -> 0 | BN20: =BK20-BM20 -> 0 | BP20: =H20+K20+N20+Q20+T20+W20+Z20+AC20+AF20+AI20+AL20+AO20+AR20+AU20+AX20+BA20+BD20+BG20+BJ20+BM20 -> 1 | BQ20: =G20-BP20 -> 0
B21: HU-AUTH-0008 | C21: Como un usuario, necesito que mi sesión se guarde de forma segura en el dispositivo, con la finalidad de no tener que iniciar sesión cada vez | D21: Implementar la persistencia segura de la sesión | E21: Yosvani | F21: Hecho | G21: 1 | I21: =G21-H21 -> 1 | L21: =I21-K21 -> 1 | O21: =L21-N21 -> 1 | R21: =O21-Q21 -> 1 | T21: 1 | U21: =R21-T21 -> 0 | X21: =U21-W21 -> 0 | AA21: =X21-Z21 -> 0 | AD21: =AA21-AC21 -> 0 | AG21: =AD21-AF21 -> 0 | AJ21: =AG21-AI21 -> 0 | AM21: =AJ21-AL21 -> 0 | AP21: =AM21-AO21 -> 0 | AS21: =AP21-AR21 -> 0 | AV21: =AS21-AU21 -> 0 | AY21: =AV21-AX21 -> 0 | BB21: =AY21-BA21 -> 0 | BE21: =BB21-BD21 -> 0 | BH21: =BE21-BG21 -> 0 | BK21: =BH21-BJ21 -> 0 | BN21: =BK21-BM21 -> 0 | BP21: =H21+K21+N21+Q21+T21+W21+Z21+AC21+AF21+AI21+AL21+AO21+AR21+AU21+AX21+BA21+BD21+BG21+BJ21+BM21 -> 1 | BQ21: =G21-BP21 -> 0
B22: HU-SEGU-0001 | C22: Como un usuario, necesito leer y aceptar los términos de tratamiento de datos (Ley N° 21.719) al ingresar, con la finalidad de autorizar el uso de mi información | D22: Integrar el consentimiento de la Ley N° 21.719 | E22: Yosvani | F22: Hecho | G22: 2 | I22: =G22-H22 -> 2 | L22: =I22-K22 -> 2 | O22: =L22-N22 -> 2 | R22: =O22-Q22 -> 2 | T22: 1 | U22: =R22-T22 -> 1 | W22: 1 | X22: =U22-W22 -> 0 | AA22: =X22-Z22 -> 0 | AD22: =AA22-AC22 -> 0 | AG22: =AD22-AF22 -> 0 | AJ22: =AG22-AI22 -> 0 | AM22: =AJ22-AL22 -> 0 | AP22: =AM22-AO22 -> 0 | AS22: =AP22-AR22 -> 0 | AV22: =AS22-AU22 -> 0 | AY22: =AV22-AX22 -> 0 | BB22: =AY22-BA22 -> 0 | BE22: =BB22-BD22 -> 0 | BH22: =BE22-BG22 -> 0 | BK22: =BH22-BJ22 -> 0 | BN22: =BK22-BM22 -> 0 | BP22: =H22+K22+N22+Q22+T22+W22+Z22+AC22+AF22+AI22+AL22+AO22+AR22+AU22+AX22+BA22+BD22+BG22+BJ22+BM22 -> 2 | BQ22: =G22-BP22 -> 0
D23: Realizar la auditoría legal de la Ley N° 21.719 | E23: Yosvani | F23: Hecho | G23: 2 | I23: =G23-H23 -> 2 | L23: =I23-K23 -> 2 | O23: =L23-N23 -> 2 | R23: =O23-Q23 -> 2 | U23: =R23-T23 -> 2 | W23: 2 | X23: =U23-W23 -> 0 | AA23: =X23-Z23 -> 0 | AD23: =AA23-AC23 -> 0 | AG23: =AD23-AF23 -> 0 | AJ23: =AG23-AI23 -> 0 | AM23: =AJ23-AL23 -> 0 | AP23: =AM23-AO23 -> 0 | AS23: =AP23-AR23 -> 0 | AV23: =AS23-AU23 -> 0 | AY23: =AV23-AX23 -> 0 | BB23: =AY23-BA23 -> 0 | BE23: =BB23-BD23 -> 0 | BH23: =BE23-BG23 -> 0 | BK23: =BH23-BJ23 -> 0 | BN23: =BK23-BM23 -> 0 | BP23: =H23+K23+N23+Q23+T23+W23+Z23+AC23+AF23+AI23+AL23+AO23+AR23+AU23+AX23+BA23+BD23+BG23+BJ23+BM23 -> 2 | BQ23: =G23-BP23 -> 0
B24: HU-SEGU-0002 | C24: Como un usuario del sistema, necesito que cada perfil solo acceda a la información que le corresponde, con la finalidad de proteger datos sensibles de salud | D24: Implementar la autenticación con JWT | E24: Yosvani | F24: Hecho | G24: 2 | I24: =G24-H24 -> 2 | L24: =I24-K24 -> 2 | O24: =L24-N24 -> 2 | R24: =O24-Q24 -> 2 | U24: =R24-T24 -> 2 | X24: =U24-W24 -> 2 | Z24: 2 | AA24: =X24-Z24 -> 0 | AD24: =AA24-AC24 -> 0 | AG24: =AD24-AF24 -> 0 | AJ24: =AG24-AI24 -> 0 | AM24: =AJ24-AL24 -> 0 | AP24: =AM24-AO24 -> 0 | AS24: =AP24-AR24 -> 0 | AV24: =AS24-AU24 -> 0 | AY24: =AV24-AX24 -> 0 | BB24: =AY24-BA24 -> 0 | BE24: =BB24-BD24 -> 0 | BH24: =BE24-BG24 -> 0 | BK24: =BH24-BJ24 -> 0 | BN24: =BK24-BM24 -> 0 | BP24: =H24+K24+N24+Q24+T24+W24+Z24+AC24+AF24+AI24+AL24+AO24+AR24+AU24+AX24+BA24+BD24+BG24+BJ24+BM24 -> 2 | BQ24: =G24-BP24 -> 0
D25: Mitigar las vulnerabilidades BOLA/IDOR | E25: Yosvani | F25: Hecho | G25: 2 | I25: =G25-H25 -> 2 | L25: =I25-K25 -> 2 | O25: =L25-N25 -> 2 | R25: =O25-Q25 -> 2 | U25: =R25-T25 -> 2 | X25: =U25-W25 -> 2 | Z25: 1 | AA25: =X25-Z25 -> 1 | AC25: 1 | AD25: =AA25-AC25 -> 0 | AG25: =AD25-AF25 -> 0 | AJ25: =AG25-AI25 -> 0 | AM25: =AJ25-AL25 -> 0 | AP25: =AM25-AO25 -> 0 | AS25: =AP25-AR25 -> 0 | AV25: =AS25-AU25 -> 0 | AY25: =AV25-AX25 -> 0 | BB25: =AY25-BA25 -> 0 | BE25: =BB25-BD25 -> 0 | BH25: =BE25-BG25 -> 0 | BK25: =BH25-BJ25 -> 0 | BN25: =BK25-BM25 -> 0 | BP25: =H25+K25+N25+Q25+T25+W25+Z25+AC25+AF25+AI25+AL25+AO25+AR25+AU25+AX25+BA25+BD25+BG25+BJ25+BM25 -> 2 | BQ25: =G25-BP25 -> 0
B26: HU-SEGU-0003 | C26: Como un usuario, necesito que el sistema limite los intentos repetidos de acceso y de códigos, con la finalidad de evitar abusos y ataques de fuerza bruta | D26: Implementar rate limiting | F26: Hecho | G26: 4 | I26: =G26-H26 -> 4 | L26: =I26-K26 -> 4 | N26: 1 | O26: =L26-N26 -> 3 | R26: =O26-Q26 -> 3 | T26: 1 | U26: =R26-T26 -> 2 | X26: =U26-W26 -> 2 | AA26: =X26-Z26 -> 2 | AC26: 1 | AD26: =AA26-AC26 -> 1 | AG26: =AD26-AF26 -> 1 | AI26: 1 | AJ26: =AG26-AI26 -> 0 | AM26: =AJ26-AL26 -> 0 | AP26: =AM26-AO26 -> 0 | AS26: =AP26-AR26 -> 0 | AV26: =AS26-AU26 -> 0 | AY26: =AV26-AX26 -> 0 | BB26: =AY26-BA26 -> 0 | BE26: =BB26-BD26 -> 0 | BH26: =BE26-BG26 -> 0 | BK26: =BH26-BJ26 -> 0 | BN26: =BK26-BM26 -> 0 | BP26: =H26+K26+N26+Q26+T26+W26+Z26+AC26+AF26+AI26+AL26+AO26+AR26+AU26+AX26+BA26+BD26+BG26+BJ26+BM26 -> 4 | BQ26: =G26-BP26 -> 0
B27: N/A | C27: Sin historia de usuario (tareas técnicas del proyecto) | D27: Reestructurar el proyecto en FrontEnd, BackEnd y schema.sql | E27: Yosvani | F27: Hecho | G27: 2 | I27: =G27-H27 -> 2 | L27: =I27-K27 -> 2 | O27: =L27-N27 -> 2 | R27: =O27-Q27 -> 2 | U27: =R27-T27 -> 2 | X27: =U27-W27 -> 2 | AA27: =X27-Z27 -> 2 | AC27: 2 | AD27: =AA27-AC27 -> 0 | AG27: =AD27-AF27 -> 0 | AJ27: =AG27-AI27 -> 0 | AM27: =AJ27-AL27 -> 0 | AP27: =AM27-AO27 -> 0 | AS27: =AP27-AR27 -> 0 | AV27: =AS27-AU27 -> 0 | AY27: =AV27-AX27 -> 0 | BB27: =AY27-BA27 -> 0 | BE27: =BB27-BD27 -> 0 | BH27: =BE27-BG27 -> 0 | BK27: =BH27-BJ27 -> 0 | BN27: =BK27-BM27 -> 0 | BP27: =H27+K27+N27+Q27+T27+W27+Z27+AC27+AF27+AI27+AL27+AO27+AR27+AU27+AX27+BA27+BD27+BG27+BJ27+BM27 -> 2 | BQ27: =G27-BP27 -> 0
D28: Implementar la API del backend e integrarla con la app | E28: Yosvani | F28: Hecho | G28: 5 | I28: =G28-H28 -> 5 | L28: =I28-K28 -> 5 | O28: =L28-N28 -> 5 | R28: =O28-Q28 -> 5 | U28: =R28-T28 -> 5 | X28: =U28-W28 -> 5 | AA28: =X28-Z28 -> 5 | AD28: =AA28-AC28 -> 5 | AF28: 3 | AG28: =AD28-AF28 -> 2 | AI28: 2 | AJ28: =AG28-AI28 -> 0 | AM28: =AJ28-AL28 -> 0 | AP28: =AM28-AO28 -> 0 | AS28: =AP28-AR28 -> 0 | AV28: =AS28-AU28 -> 0 | AY28: =AV28-AX28 -> 0 | BB28: =AY28-BA28 -> 0 | BE28: =BB28-BD28 -> 0 | BH28: =BE28-BG28 -> 0 | BK28: =BH28-BJ28 -> 0 | BN28: =BK28-BM28 -> 0 | BP28: =H28+K28+N28+Q28+T28+W28+Z28+AC28+AF28+AI28+AL28+AO28+AR28+AU28+AX28+BA28+BD28+BG28+BJ28+BM28 -> 5 | BQ28: =G28-BP28 -> 0
D29: Resolver la IP de la API de forma dinámica | E29: Yosvani | F29: Hecho | G29: 1 | I29: =G29-H29 -> 1 | L29: =I29-K29 -> 1 | O29: =L29-N29 -> 1 | R29: =O29-Q29 -> 1 | U29: =R29-T29 -> 1 | X29: =U29-W29 -> 1 | AA29: =X29-Z29 -> 1 | AD29: =AA29-AC29 -> 1 | AG29: =AD29-AF29 -> 1 | AI29: 1 | AJ29: =AG29-AI29 -> 0 | AM29: =AJ29-AL29 -> 0 | AP29: =AM29-AO29 -> 0 | AS29: =AP29-AR29 -> 0 | AV29: =AS29-AU29 -> 0 | AY29: =AV29-AX29 -> 0 | BB29: =AY29-BA29 -> 0 | BE29: =BB29-BD29 -> 0 | BH29: =BE29-BG29 -> 0 | BK29: =BH29-BJ29 -> 0 | BN29: =BK29-BM29 -> 0 | BP29: =H29+K29+N29+Q29+T29+W29+Z29+AC29+AF29+AI29+AL29+AO29+AR29+AU29+AX29+BA29+BD29+BG29+BJ29+BM29 -> 1 | BQ29: =G29-BP29 -> 0
B31: Sprint 4 · 21/09/2026 al 04/10/2026 · Desarrollo de la vista del paciente HU-HABI-0001 | C31: Como un paciente, necesito registrar cada día mis seis hábitos (comida, ejercicio, hidratación, sueño, ansiedad y estrés), con la finalidad de dar seguimiento a mi bienestar | D31: Implementar la validación de los 6 hábitos | E31: Yosvani | F31: Hecho | G31: 8 | H31: 2 | I31: =G31-H31 -> 6 | K31: 2 | L31: =I31-K31 -> 4 | N31: 2 | O31: =L31-N31 -> 2 | Q31: 2 | R31: =O31-Q31 -> 0 | U31: =R31-T31 -> 0 | X31: =U31-W31 -> 0 | AA31: =X31-Z31 -> 0 | AD31: =AA31-AC31 -> 0 | AG31: =AD31-AF31 -> 0 | AJ31: =AG31-AI31 -> 0 | AM31: =AJ31-AL31 -> 0 | AP31: =AM31-AO31 -> 0 | AS31: =AP31-AR31 -> 0 | AV31: =AS31-AU31 -> 0 | AY31: =AV31-AX31 -> 0 | BB31: =AY31-BA31 -> 0 | BE31: =BB31-BD31 -> 0 | BH31: =BE31-BG31 -> 0 | BK31: =BH31-BJ31 -> 0 | BN31: =BK31-BM31 -> 0 | BP31: =H31+K31+N31+Q31+T31+W31+Z31+AC31+AF31+AI31+AL31+AO31+AR31+AU31+AX31+BA31+BD31+BG31+BJ31+BM31 -> 8 | BQ31: =G31-BP31 -> 0
D32: Ajustar colores, tarjetas y textos de la pestaña de hábitos | E32: Vanessa | F32: Hecho | G32: 8 | H32: 2 | I32: =G32-H32 -> 6 | K32: 2 | L32: =I32-K32 -> 4 | N32: 2 | O32: =L32-N32 -> 2 | Q32: 2 | R32: =O32-Q32 -> 0 | U32: =R32-T32 -> 0 | X32: =U32-W32 -> 0 | AA32: =X32-Z32 -> 0 | AD32: =AA32-AC32 -> 0 | AG32: =AD32-AF32 -> 0 | AJ32: =AG32-AI32 -> 0 | AM32: =AJ32-AL32 -> 0 | AP32: =AM32-AO32 -> 0 | AS32: =AP32-AR32 -> 0 | AV32: =AS32-AU32 -> 0 | AY32: =AV32-AX32 -> 0 | BB32: =AY32-BA32 -> 0 | BE32: =BB32-BD32 -> 0 | BH32: =BE32-BG32 -> 0 | BK32: =BH32-BJ32 -> 0 | BN32: =BK32-BM32 -> 0 | BP32: =H32+K32+N32+Q32+T32+W32+Z32+AC32+AF32+AI32+AL32+AO32+AR32+AU32+AX32+BA32+BD32+BG32+BJ32+BM32 -> 8 | BQ32: =G32-BP32 -> 0
B33: HU-HABI-0002 | C33: Como un paciente, necesito indicar los litros de agua y las horas de sueño, con la finalidad de que mi registro sea más preciso | D33: Integrar el registro de litros de hidratación y horas de sueño | E33: Yosvani | F33: Hecho | G33: 4 | I33: =G33-H33 -> 4 | L33: =I33-K33 -> 4 | O33: =L33-N33 -> 4 | Q33: 1 | R33: =O33-Q33 -> 3 | T33: 2 | U33: =R33-T33 -> 1 | W33: 1 | X33: =U33-W33 -> 0 | AA33: =X33-Z33 -> 0 | AD33: =AA33-AC33 -> 0 | AG33: =AD33-AF33 -> 0 | AJ33: =AG33-AI33 -> 0 | AM33: =AJ33-AL33 -> 0 | AP33: =AM33-AO33 -> 0 | AS33: =AP33-AR33 -> 0 | AV33: =AS33-AU33 -> 0 | AY33: =AV33-AX33 -> 0 | BB33: =AY33-BA33 -> 0 | BE33: =BB33-BD33 -> 0 | BH33: =BE33-BG33 -> 0 | BK33: =BH33-BJ33 -> 0 | BN33: =BK33-BM33 -> 0 | BP33: =H33+K33+N33+Q33+T33+W33+Z33+AC33+AF33+AI33+AL33+AO33+AR33+AU33+AX33+BA33+BD33+BG33+BJ33+BM33 -> 4 | BQ33: =G33-BP33 -> 0
B34: HU-HABI-0003 | C34: Como un paciente, necesito ver cuántos hábitos llevo registrados hoy, con la finalidad de saber cuánto me falta por completar | D34: Mostrar el avance del día (n/6) | E34: Ambos | F34: Hecho | G34: 4 | I34: =G34-H34 -> 4 | L34: =I34-K34 -> 4 | O34: =L34-N34 -> 4 | R34: =O34-Q34 -> 4 | T34: 2 | U34: =R34-T34 -> 2 | W34: 1 | X34: =U34-W34 -> 1 | Z34: 1 | AA34: =X34-Z34 -> 0 | AD34: =AA34-AC34 -> 0 | AG34: =AD34-AF34 -> 0 | AJ34: =AG34-AI34 -> 0 | AM34: =AJ34-AL34 -> 0 | AP34: =AM34-AO34 -> 0 | AS34: =AP34-AR34 -> 0 | AV34: =AS34-AU34 -> 0 | AY34: =AV34-AX34 -> 0 | BB34: =AY34-BA34 -> 0 | BE34: =BB34-BD34 -> 0 | BH34: =BE34-BG34 -> 0 | BK34: =BH34-BJ34 -> 0 | BN34: =BK34-BM34 -> 0 | BP34: =H34+K34+N34+Q34+T34+W34+Z34+AC34+AF34+AI34+AL34+AO34+AR34+AU34+AX34+BA34+BD34+BG34+BJ34+BM34 -> 4 | BQ34: =G34-BP34 -> 0
B35: HU-HABI-0004 | C35: Como un paciente, necesito que, una vez registrados los hábitos del día, no se puedan duplicar, con la finalidad de mantener un registro consistente | D35: Evitar que se duplique el registro del día | E35: Ambos | F35: Hecho | G35: 4 | I35: =G35-H35 -> 4 | L35: =I35-K35 -> 4 | O35: =L35-N35 -> 4 | R35: =O35-Q35 -> 4 | U35: =R35-T35 -> 4 | W35: 2 | X35: =U35-W35 -> 2 | Z35: 2 | AA35: =X35-Z35 -> 0 | AD35: =AA35-AC35 -> 0 | AG35: =AD35-AF35 -> 0 | AJ35: =AG35-AI35 -> 0 | AM35: =AJ35-AL35 -> 0 | AP35: =AM35-AO35 -> 0 | AS35: =AP35-AR35 -> 0 | AV35: =AS35-AU35 -> 0 | AY35: =AV35-AX35 -> 0 | BB35: =AY35-BA35 -> 0 | BE35: =BB35-BD35 -> 0 | BH35: =BE35-BG35 -> 0 | BK35: =BH35-BJ35 -> 0 | BN35: =BK35-BM35 -> 0 | BP35: =H35+K35+N35+Q35+T35+W35+Z35+AC35+AF35+AI35+AL35+AO35+AR35+AU35+AX35+BA35+BD35+BG35+BJ35+BM35 -> 4 | BQ35: =G35-BP35 -> 0
B36: HU-EJER-0001 | C36: Como un paciente, necesito acceder a ejercicios de respiración y relajación para ansiedad, sueño y estrés, con la finalidad de trabajar mis hábitos entre sesiones | D36: Crear el catálogo de recursos del paciente | E36: Yosvani | F36: Hecho | G36: 3 | I36: =G36-H36 -> 3 | L36: =I36-K36 -> 3 | O36: =L36-N36 -> 3 | R36: =O36-Q36 -> 3 | U36: =R36-T36 -> 3 | X36: =U36-W36 -> 3 | AA36: =X36-Z36 -> 3 | AC36: 2 | AD36: =AA36-AC36 -> 1 | AF36: 1 | AG36: =AD36-AF36 -> 0 | AJ36: =AG36-AI36 -> 0 | AM36: =AJ36-AL36 -> 0 | AP36: =AM36-AO36 -> 0 | AS36: =AP36-AR36 -> 0 | AV36: =AS36-AU36 -> 0 | AY36: =AV36-AX36 -> 0 | BB36: =AY36-BA36 -> 0 | BE36: =BB36-BD36 -> 0 | BH36: =BE36-BG36 -> 0 | BK36: =BH36-BJ36 -> 0 | BN36: =BK36-BM36 -> 0 | BP36: =H36+K36+N36+Q36+T36+W36+Z36+AC36+AF36+AI36+AL36+AO36+AR36+AU36+AX36+BA36+BD36+BG36+BJ36+BM36 -> 3 | BQ36: =G36-BP36 -> 0
D37: Ajustar textos y diseño de la pestaña de ejercicios | E37: Vanessa | F37: Hecho | G37: 3 | I37: =G37-H37 -> 3 | L37: =I37-K37 -> 3 | O37: =L37-N37 -> 3 | R37: =O37-Q37 -> 3 | U37: =R37-T37 -> 3 | X37: =U37-W37 -> 3 | Z37: 2 | AA37: =X37-Z37 -> 1 | AC37: 1 | AD37: =AA37-AC37 -> 0 | AG37: =AD37-AF37 -> 0 | AJ37: =AG37-AI37 -> 0 | AM37: =AJ37-AL37 -> 0 | AP37: =AM37-AO37 -> 0 | AS37: =AP37-AR37 -> 0 | AV37: =AS37-AU37 -> 0 | AY37: =AV37-AX37 -> 0 | BB37: =AY37-BA37 -> 0 | BE37: =BB37-BD37 -> 0 | BH37: =BE37-BG37 -> 0 | BK37: =BH37-BJ37 -> 0 | BN37: =BK37-BM37 -> 0 | BP37: =H37+K37+N37+Q37+T37+W37+Z37+AC37+AF37+AI37+AL37+AO37+AR37+AU37+AX37+BA37+BD37+BG37+BJ37+BM37 -> 3 | BQ37: =G37-BP37 -> 0
B38: HU-EJER-0002 | C38: Como un paciente, necesito ver videos de ejemplo de cada ejercicio, con la finalidad de realizarlos correctamente | D38: Cargar los videos reales de los ejercicios | F38: Por iniciar | G38: 6 | I38: =G38-H38 -> 6 | L38: =I38-K38 -> 6 | O38: =L38-N38 -> 6 | R38: =O38-Q38 -> 6 | U38: =R38-T38 -> 6 | X38: =U38-W38 -> 6 | AA38: =X38-Z38 -> 6 | AD38: =AA38-AC38 -> 6 | AG38: =AD38-AF38 -> 6 | AJ38: =AG38-AI38 -> 6 | AM38: =AJ38-AL38 -> 6 | AP38: =AM38-AO38 -> 6 | AS38: =AP38-AR38 -> 6 | AV38: =AS38-AU38 -> 6 | AY38: =AV38-AX38 -> 6 | BB38: =AY38-BA38 -> 6 | BE38: =BB38-BD38 -> 6 | BH38: =BE38-BG38 -> 6 | BK38: =BH38-BJ38 -> 6 | BN38: =BK38-BM38 -> 6 | BP38: =H38+K38+N38+Q38+T38+W38+Z38+AC38+AF38+AI38+AL38+AO38+AR38+AU38+AX38+BA38+BD38+BG38+BJ38+BM38 -> 0 | BQ38: =G38-BP38 -> 6
B39: HU-SESI-0001 | C39: Como un paciente, necesito ver mis próximas citas y mi historial de sesiones, con la finalidad de organizar mi proceso terapéutico | D39: Ajustar iconos, colores y pantalla de sesiones del paciente | E39: Vanessa | F39: Hecho | G39: 6 | I39: =G39-H39 -> 6 | L39: =I39-K39 -> 6 | O39: =L39-N39 -> 6 | R39: =O39-Q39 -> 6 | U39: =R39-T39 -> 6 | X39: =U39-W39 -> 6 | AA39: =X39-Z39 -> 6 | AC39: 1 | AD39: =AA39-AC39 -> 5 | AF39: 2 | AG39: =AD39-AF39 -> 3 | AI39: 3 | AJ39: =AG39-AI39 -> 0 | AM39: =AJ39-AL39 -> 0 | AP39: =AM39-AO39 -> 0 | AS39: =AP39-AR39 -> 0 | AV39: =AS39-AU39 -> 0 | AY39: =AV39-AX39 -> 0 | BB39: =AY39-BA39 -> 0 | BE39: =BB39-BD39 -> 0 | BH39: =BE39-BG39 -> 0 | BK39: =BH39-BJ39 -> 0 | BN39: =BK39-BM39 -> 0 | BP39: =H39+K39+N39+Q39+T39+W39+Z39+AC39+AF39+AI39+AL39+AO39+AR39+AU39+AX39+BA39+BD39+BG39+BJ39+BM39 -> 6 | BQ39: =G39-BP39 -> 0
B40: HU-PERF-0001 | C40: Como un paciente, necesito ver mi perfil y mi psicólogo asignado, con la finalidad de conocer mis datos y quién atiende mi caso | D40: Implementar el perfil del paciente | E40: Yosvani | F40: Hecho | G40: 4 | I40: =G40-H40 -> 4 | L40: =I40-K40 -> 4 | O40: =L40-N40 -> 4 | R40: =O40-Q40 -> 4 | U40: =R40-T40 -> 4 | X40: =U40-W40 -> 4 | AA40: =X40-Z40 -> 4 | AD40: =AA40-AC40 -> 4 | AF40: 1 | AG40: =AD40-AF40 -> 3 | AI40: 3 | AJ40: =AG40-AI40 -> 0 | AM40: =AJ40-AL40 -> 0 | AP40: =AM40-AO40 -> 0 | AS40: =AP40-AR40 -> 0 | AV40: =AS40-AU40 -> 0 | AY40: =AV40-AX40 -> 0 | BB40: =AY40-BA40 -> 0 | BE40: =BB40-BD40 -> 0 | BH40: =BE40-BG40 -> 0 | BK40: =BH40-BJ40 -> 0 | BN40: =BK40-BM40 -> 0 | BP40: =H40+K40+N40+Q40+T40+W40+Z40+AC40+AF40+AI40+AL40+AO40+AR40+AU40+AX40+BA40+BD40+BG40+BJ40+BM40 -> 4 | BQ40: =G40-BP40 -> 0
I41: =G41-H41 -> 0 | L41: =I41-K41 -> 0 | O41: =L41-N41 -> 0 | R41: =O41-Q41 -> 0 | U41: =R41-T41 -> 0 | X41: =U41-W41 -> 0 | AA41: =X41-Z41 -> 0 | AD41: =AA41-AC41 -> 0 | AG41: =AD41-AF41 -> 0 | AJ41: =AG41-AI41 -> 0 | AM41: =AJ41-AL41 -> 0 | AP41: =AM41-AO41 -> 0 | AS41: =AP41-AR41 -> 0 | AV41: =AS41-AU41 -> 0 | AY41: =AV41-AX41 -> 0 | BB41: =AY41-BA41 -> 0 | BE41: =BB41-BD41 -> 0 | BH41: =BE41-BG41 -> 0 | BK41: =BH41-BJ41 -> 0 | BN41: =BK41-BM41 -> 0 | BP41: =H41+K41+N41+Q41+T41+W41+Z41+AC41+AF41+AI41+AL41+AO41+AR41+AU41+AX41+BA41+BD41+BG41+BJ41+BM41 -> 0 | BQ41: =G41-BP41 -> 0
B42: Sprint 5 · 05/10/2026 al 18/10/2026 · Desarrollo de la vista del psicólogo HU-PACI-0001 | C42: Como un psicólogo, necesito registrar a un paciente y verificar si ya existe, con la finalidad de evitar duplicados y asociarlo a mi atención | D42: Implementar el registro de paciente por el psicólogo | E42: Yosvani | F42: Hecho | G42: 0.5 | H42: 0.5 | I42: =G42-H42 -> 0 | L42: =I42-K42 -> 0 | O42: =L42-N42 -> 0 | R42: =O42-Q42 -> 0 | U42: =R42-T42 -> 0 | X42: =U42-W42 -> 0 | AA42: =X42-Z42 -> 0 | AD42: =AA42-AC42 -> 0 | AG42: =AD42-AF42 -> 0 | AJ42: =AG42-AI42 -> 0 | AM42: =AJ42-AL42 -> 0 | AP42: =AM42-AO42 -> 0 | AS42: =AP42-AR42 -> 0 | AV42: =AS42-AU42 -> 0 | AY42: =AV42-AX42 -> 0 | BB42: =AY42-BA42 -> 0 | BE42: =BB42-BD42 -> 0 | BH42: =BE42-BG42 -> 0 | BK42: =BH42-BJ42 -> 0 | BN42: =BK42-BM42 -> 0 | BP42: =H42+K42+N42+Q42+T42+W42+Z42+AC42+AF42+AI42+AL42+AO42+AR42+AU42+AX42+BA42+BD42+BG42+BJ42+BM42 -> 0.5 | BQ42: =G42-BP42 -> 0
D43: Agregar validaciones a los campos del registro | E43: Vanessa | F43: Hecho | G43: 2 | H43: 2 | I43: =G43-H43 -> 0 | L43: =I43-K43 -> 0 | O43: =L43-N43 -> 0 | R43: =O43-Q43 -> 0 | U43: =R43-T43 -> 0 | X43: =U43-W43 -> 0 | AA43: =X43-Z43 -> 0 | AD43: =AA43-AC43 -> 0 | AG43: =AD43-AF43 -> 0 | AJ43: =AG43-AI43 -> 0 | AM43: =AJ43-AL43 -> 0 | AP43: =AM43-AO43 -> 0 | AS43: =AP43-AR43 -> 0 | AV43: =AS43-AU43 -> 0 | AY43: =AV43-AX43 -> 0 | BB43: =AY43-BA43 -> 0 | BE43: =BB43-BD43 -> 0 | BH43: =BE43-BG43 -> 0 | BK43: =BH43-BJ43 -> 0 | BN43: =BK43-BM43 -> 0 | BP43: =H43+K43+N43+Q43+T43+W43+Z43+AC43+AF43+AI43+AL43+AO43+AR43+AU43+AX43+BA43+BD43+BG43+BJ43+BM43 -> 2 | BQ43: =G43-BP43 -> 0
D44: Validar que el correo no se repita | E44: Yosvani | F44: Hecho | G44: 1 | H44: 1 | I44: =G44-H44 -> 0 | L44: =I44-K44 -> 0 | O44: =L44-N44 -> 0 | R44: =O44-Q44 -> 0 | U44: =R44-T44 -> 0 | X44: =U44-W44 -> 0 | AA44: =X44-Z44 -> 0 | AD44: =AA44-AC44 -> 0 | AG44: =AD44-AF44 -> 0 | AJ44: =AG44-AI44 -> 0 | AM44: =AJ44-AL44 -> 0 | AP44: =AM44-AO44 -> 0 | AS44: =AP44-AR44 -> 0 | AV44: =AS44-AU44 -> 0 | AY44: =AV44-AX44 -> 0 | BB44: =AY44-BA44 -> 0 | BE44: =BB44-BD44 -> 0 | BH44: =BE44-BG44 -> 0 | BK44: =BH44-BJ44 -> 0 | BN44: =BK44-BM44 -> 0 | BP44: =H44+K44+N44+Q44+T44+W44+Z44+AC44+AF44+AI44+AL44+AO44+AR44+AU44+AX44+BA44+BD44+BG44+BJ44+BM44 -> 1 | BQ44: =G44-BP44 -> 0
B45: HU-PACI-0002 | C45: Como un psicólogo, necesito ver el listado de mis pacientes y abrir su ficha, con la finalidad de gestionar mi atención | D45: Implementar el panel del psicólogo | E45: Yosvani | F45: Hecho | G45: 1 | H45: 1 | I45: =G45-H45 -> 0 | L45: =I45-K45 -> 0 | O45: =L45-N45 -> 0 | R45: =O45-Q45 -> 0 | U45: =R45-T45 -> 0 | X45: =U45-W45 -> 0 | AA45: =X45-Z45 -> 0 | AD45: =AA45-AC45 -> 0 | AG45: =AD45-AF45 -> 0 | AJ45: =AG45-AI45 -> 0 | AM45: =AJ45-AL45 -> 0 | AP45: =AM45-AO45 -> 0 | AS45: =AP45-AR45 -> 0 | AV45: =AS45-AU45 -> 0 | AY45: =AV45-AX45 -> 0 | BB45: =AY45-BA45 -> 0 | BE45: =BB45-BD45 -> 0 | BH45: =BE45-BG45 -> 0 | BK45: =BH45-BJ45 -> 0 | BN45: =BK45-BM45 -> 0 | BP45: =H45+K45+N45+Q45+T45+W45+Z45+AC45+AF45+AI45+AL45+AO45+AR45+AU45+AX45+BA45+BD45+BG45+BJ45+BM45 -> 1 | BQ45: =G45-BP45 -> 0
D46: Mostrar los últimos 5 pacientes en la pestaña principal | E46: Vanessa | F46: Hecho | G46: 1.5 | H46: 1 | I46: =G46-H46 -> 0.5 | K46: 0.5 | L46: =I46-K46 -> 0 | O46: =L46-N46 -> 0 | R46: =O46-Q46 -> 0 | U46: =R46-T46 -> 0 | X46: =U46-W46 -> 0 | AA46: =X46-Z46 -> 0 | AD46: =AA46-AC46 -> 0 | AG46: =AD46-AF46 -> 0 | AJ46: =AG46-AI46 -> 0 | AM46: =AJ46-AL46 -> 0 | AP46: =AM46-AO46 -> 0 | AS46: =AP46-AR46 -> 0 | AV46: =AS46-AU46 -> 0 | AY46: =AV46-AX46 -> 0 | BB46: =AY46-BA46 -> 0 | BE46: =BB46-BD46 -> 0 | BH46: =BE46-BG46 -> 0 | BK46: =BH46-BJ46 -> 0 | BN46: =BK46-BM46 -> 0 | BP46: =H46+K46+N46+Q46+T46+W46+Z46+AC46+AF46+AI46+AL46+AO46+AR46+AU46+AX46+BA46+BD46+BG46+BJ46+BM46 -> 1.5 | BQ46: =G46-BP46 -> 0
B47: HU-PACI-0003 | C47: Como un psicólogo, necesito ver mis pacientes ordenados alfabéticamente, con la finalidad de encontrarlos más rápido | D47: Ordenar el listado de pacientes alfabéticamente | E47: Vanessa | F47: Hecho | G47: 1 | I47: =G47-H47 -> 1 | K47: 1 | L47: =I47-K47 -> 0 | O47: =L47-N47 -> 0 | R47: =O47-Q47 -> 0 | U47: =R47-T47 -> 0 | X47: =U47-W47 -> 0 | AA47: =X47-Z47 -> 0 | AD47: =AA47-AC47 -> 0 | AG47: =AD47-AF47 -> 0 | AJ47: =AG47-AI47 -> 0 | AM47: =AJ47-AL47 -> 0 | AP47: =AM47-AO47 -> 0 | AS47: =AP47-AR47 -> 0 | AV47: =AS47-AU47 -> 0 | AY47: =AV47-AX47 -> 0 | BB47: =AY47-BA47 -> 0 | BE47: =BB47-BD47 -> 0 | BH47: =BE47-BG47 -> 0 | BK47: =BH47-BJ47 -> 0 | BN47: =BK47-BM47 -> 0 | BP47: =H47+K47+N47+Q47+T47+W47+Z47+AC47+AF47+AI47+AL47+AO47+AR47+AU47+AX47+BA47+BD47+BG47+BJ47+BM47 -> 1 | BQ47: =G47-BP47 -> 0
B48: HU-PACI-0004 | C48: Como un psicólogo, necesito ver la ficha de un paciente con sus datos y edad, con la finalidad de conocer su información antes de la sesión | D48: Crear la pestaña de ficha del paciente | E48: Yosvani | F48: Hecho | G48: 1 | H48: 0.5 | I48: =G48-H48 -> 0.5 | K48: 0.5 | L48: =I48-K48 -> 0 | O48: =L48-N48 -> 0 | R48: =O48-Q48 -> 0 | U48: =R48-T48 -> 0 | X48: =U48-W48 -> 0 | AA48: =X48-Z48 -> 0 | AD48: =AA48-AC48 -> 0 | AG48: =AD48-AF48 -> 0 | AJ48: =AG48-AI48 -> 0 | AM48: =AJ48-AL48 -> 0 | AP48: =AM48-AO48 -> 0 | AS48: =AP48-AR48 -> 0 | AV48: =AS48-AU48 -> 0 | AY48: =AV48-AX48 -> 0 | BB48: =AY48-BA48 -> 0 | BE48: =BB48-BD48 -> 0 | BH48: =BE48-BG48 -> 0 | BK48: =BH48-BJ48 -> 0 | BN48: =BK48-BM48 -> 0 | BP48: =H48+K48+N48+Q48+T48+W48+Z48+AC48+AF48+AI48+AL48+AO48+AR48+AU48+AX48+BA48+BD48+BG48+BJ48+BM48 -> 1 | BQ48: =G48-BP48 -> 0
D49: Calcular la edad del paciente de forma dinámica | E49: Yosvani | F49: Hecho | G49: 1 | I49: =G49-H49 -> 1 | K49: 1 | L49: =I49-K49 -> 0 | O49: =L49-N49 -> 0 | R49: =O49-Q49 -> 0 | U49: =R49-T49 -> 0 | X49: =U49-W49 -> 0 | AA49: =X49-Z49 -> 0 | AD49: =AA49-AC49 -> 0 | AG49: =AD49-AF49 -> 0 | AJ49: =AG49-AI49 -> 0 | AM49: =AJ49-AL49 -> 0 | AP49: =AM49-AO49 -> 0 | AS49: =AP49-AR49 -> 0 | AV49: =AS49-AU49 -> 0 | AY49: =AV49-AX49 -> 0 | BB49: =AY49-BA49 -> 0 | BE49: =BB49-BD49 -> 0 | BH49: =BE49-BG49 -> 0 | BK49: =BH49-BJ49 -> 0 | BN49: =BK49-BM49 -> 0 | BP49: =H49+K49+N49+Q49+T49+W49+Z49+AC49+AF49+AI49+AL49+AO49+AR49+AU49+AX49+BA49+BD49+BG49+BJ49+BM49 -> 1 | BQ49: =G49-BP49 -> 0
B50: HU-PACI-0005 | C50: Como un psicólogo, necesito ver la agenda del día en mi pantalla de inicio, con la finalidad de planificar mi jornada | D50: Modificar la pestaña de inicio del psicólogo | E50: Yosvani | F50: Hecho | G50: 1 | I50: =G50-H50 -> 1 | K50: 1 | L50: =I50-K50 -> 0 | O50: =L50-N50 -> 0 | R50: =O50-Q50 -> 0 | U50: =R50-T50 -> 0 | X50: =U50-W50 -> 0 | AA50: =X50-Z50 -> 0 | AD50: =AA50-AC50 -> 0 | AG50: =AD50-AF50 -> 0 | AJ50: =AG50-AI50 -> 0 | AM50: =AJ50-AL50 -> 0 | AP50: =AM50-AO50 -> 0 | AS50: =AP50-AR50 -> 0 | AV50: =AS50-AU50 -> 0 | AY50: =AV50-AX50 -> 0 | BB50: =AY50-BA50 -> 0 | BE50: =BB50-BD50 -> 0 | BH50: =BE50-BG50 -> 0 | BK50: =BH50-BJ50 -> 0 | BN50: =BK50-BM50 -> 0 | BP50: =H50+K50+N50+Q50+T50+W50+Z50+AC50+AF50+AI50+AL50+AO50+AR50+AU50+AX50+BA50+BD50+BG50+BJ50+BM50 -> 1 | BQ50: =G50-BP50 -> 0
B51: HU-PACI-0006 | C51: Como un psicólogo, necesito vincular a un paciente que ya está registrado, como suplente temporal o titular permanente, con la finalidad de continuar su atención sin duplicar sus datos | D51: Implementar la búsqueda de un paciente ya registrado por correo | E51: Yosvani | F51: Hecho | G51: 1 | I51: =G51-H51 -> 1 | K51: 0.5 | L51: =I51-K51 -> 0.5 | N51: 0.5 | O51: =L51-N51 -> 0 | R51: =O51-Q51 -> 0 | U51: =R51-T51 -> 0 | X51: =U51-W51 -> 0 | AA51: =X51-Z51 -> 0 | AD51: =AA51-AC51 -> 0 | AG51: =AD51-AF51 -> 0 | AJ51: =AG51-AI51 -> 0 | AM51: =AJ51-AL51 -> 0 | AP51: =AM51-AO51 -> 0 | AS51: =AP51-AR51 -> 0 | AV51: =AS51-AU51 -> 0 | AY51: =AV51-AX51 -> 0 | BB51: =AY51-BA51 -> 0 | BE51: =BB51-BD51 -> 0 | BH51: =BE51-BG51 -> 0 | BK51: =BH51-BJ51 -> 0 | BN51: =BK51-BM51 -> 0 | BP51: =H51+K51+N51+Q51+T51+W51+Z51+AC51+AF51+AI51+AL51+AO51+AR51+AU51+AX51+BA51+BD51+BG51+BJ51+BM51 -> 1 | BQ51: =G51-BP51 -> 0
D52: Implementar la vinculación como suplente temporal o titular permanente, con código de autorización | E52: Yosvani | F52: Hecho | G52: 0.5 | I52: =G52-H52 -> 0.5 | L52: =I52-K52 -> 0.5 | N52: 0.5 | O52: =L52-N52 -> 0 | R52: =O52-Q52 -> 0 | U52: =R52-T52 -> 0 | X52: =U52-W52 -> 0 | AA52: =X52-Z52 -> 0 | AD52: =AA52-AC52 -> 0 | AG52: =AD52-AF52 -> 0 | AJ52: =AG52-AI52 -> 0 | AM52: =AJ52-AL52 -> 0 | AP52: =AM52-AO52 -> 0 | AS52: =AP52-AR52 -> 0 | AV52: =AS52-AU52 -> 0 | AY52: =AV52-AX52 -> 0 | BB52: =AY52-BA52 -> 0 | BE52: =BB52-BD52 -> 0 | BH52: =BE52-BG52 -> 0 | BK52: =BH52-BJ52 -> 0 | BN52: =BK52-BM52 -> 0 | BP52: =H52+K52+N52+Q52+T52+W52+Z52+AC52+AF52+AI52+AL52+AO52+AR52+AU52+AX52+BA52+BD52+BG52+BJ52+BM52 -> 0.5 | BQ52: =G52-BP52 -> 0
D53: Agendar la primera sesión desde la vinculación | E53: Yosvani | F53: Hecho | G53: 0.5 | I53: =G53-H53 -> 0.5 | L53: =I53-K53 -> 0.5 | N53: 0.5 | O53: =L53-N53 -> 0 | R53: =O53-Q53 -> 0 | U53: =R53-T53 -> 0 | X53: =U53-W53 -> 0 | AA53: =X53-Z53 -> 0 | AD53: =AA53-AC53 -> 0 | AG53: =AD53-AF53 -> 0 | AJ53: =AG53-AI53 -> 0 | AM53: =AJ53-AL53 -> 0 | AP53: =AM53-AO53 -> 0 | AS53: =AP53-AR53 -> 0 | AV53: =AS53-AU53 -> 0 | AY53: =AV53-AX53 -> 0 | BB53: =AY53-BA53 -> 0 | BE53: =BB53-BD53 -> 0 | BH53: =BE53-BG53 -> 0 | BK53: =BH53-BJ53 -> 0 | BN53: =BK53-BM53 -> 0 | BP53: =H53+K53+N53+Q53+T53+W53+Z53+AC53+AF53+AI53+AL53+AO53+AR53+AU53+AX53+BA53+BD53+BG53+BJ53+BM53 -> 0.5 | BQ53: =G53-BP53 -> 0
B54: HU-AGEN-0001 | C54: Como un psicólogo, necesito agendar una sesión indicando fecha, hora, duración, modalidad y observaciones, con la finalidad de programar la atención de mis pacientes | D54: Implementar el módulo de reservas de citas | E54: Ambos | F54: Hecho | G54: 3 | I54: =G54-H54 -> 3 | K54: 1.5 | L54: =I54-K54 -> 1.5 | N54: 1.5 | O54: =L54-N54 -> 0 | R54: =O54-Q54 -> 0 | U54: =R54-T54 -> 0 | X54: =U54-W54 -> 0 | AA54: =X54-Z54 -> 0 | AD54: =AA54-AC54 -> 0 | AG54: =AD54-AF54 -> 0 | AJ54: =AG54-AI54 -> 0 | AM54: =AJ54-AL54 -> 0 | AP54: =AM54-AO54 -> 0 | AS54: =AP54-AR54 -> 0 | AV54: =AS54-AU54 -> 0 | AY54: =AV54-AX54 -> 0 | BB54: =AY54-BA54 -> 0 | BE54: =BB54-BD54 -> 0 | BH54: =BE54-BG54 -> 0 | BK54: =BH54-BJ54 -> 0 | BN54: =BK54-BM54 -> 0 | BP54: =H54+K54+N54+Q54+T54+W54+Z54+AC54+AF54+AI54+AL54+AO54+AR54+AU54+AX54+BA54+BD54+BG54+BJ54+BM54 -> 3 | BQ54: =G54-BP54 -> 0
D55: Agregar la selección de duración de la sesión | E55: Ambos | F55: Hecho | G55: 3 | I55: =G55-H55 -> 3 | L55: =I55-K55 -> 3 | N55: 2.5 | O55: =L55-N55 -> 0.5 | Q55: 0.5 | R55: =O55-Q55 -> 0 | U55: =R55-T55 -> 0 | X55: =U55-W55 -> 0 | AA55: =X55-Z55 -> 0 | AD55: =AA55-AC55 -> 0 | AG55: =AD55-AF55 -> 0 | AJ55: =AG55-AI55 -> 0 | AM55: =AJ55-AL55 -> 0 | AP55: =AM55-AO55 -> 0 | AS55: =AP55-AR55 -> 0 | AV55: =AS55-AU55 -> 0 | AY55: =AV55-AX55 -> 0 | BB55: =AY55-BA55 -> 0 | BE55: =BB55-BD55 -> 0 | BH55: =BE55-BG55 -> 0 | BK55: =BH55-BJ55 -> 0 | BN55: =BK55-BM55 -> 0 | BP55: =H55+K55+N55+Q55+T55+W55+Z55+AC55+AF55+AI55+AL55+AO55+AR55+AU55+AX55+BA55+BD55+BG55+BJ55+BM55 -> 3 | BQ55: =G55-BP55 -> 0
B56: HU-AGEN-0002 | C56: Como un psicólogo, necesito que la app no me deje elegir fechas u horas pasadas ni fechas a más de 6 meses, con la finalidad de evitar errores al agendar | D56: Agregar validaciones a la reserva de sesión | E56: Vanessa | F56: Hecho | G56: 6 | I56: =G56-H56 -> 6 | L56: =I56-K56 -> 6 | O56: =L56-N56 -> 6 | Q56: 2.5 | R56: =O56-Q56 -> 3.5 | T56: 3 | U56: =R56-T56 -> 0.5 | W56: 0.5 | X56: =U56-W56 -> 0 | AA56: =X56-Z56 -> 0 | AD56: =AA56-AC56 -> 0 | AG56: =AD56-AF56 -> 0 | AJ56: =AG56-AI56 -> 0 | AM56: =AJ56-AL56 -> 0 | AP56: =AM56-AO56 -> 0 | AS56: =AP56-AR56 -> 0 | AV56: =AS56-AU56 -> 0 | AY56: =AV56-AX56 -> 0 | BB56: =AY56-BA56 -> 0 | BE56: =BB56-BD56 -> 0 | BH56: =BE56-BG56 -> 0 | BK56: =BH56-BJ56 -> 0 | BN56: =BK56-BM56 -> 0 | BP56: =H56+K56+N56+Q56+T56+W56+Z56+AC56+AF56+AI56+AL56+AO56+AR56+AU56+AX56+BA56+BD56+BG56+BJ56+BM56 -> 6 | BQ56: =G56-BP56 -> 0
B57: HU-AGEN-0003 | C57: Como un psicólogo, necesito que la app no permita agendar sesiones que se crucen con otras, con la finalidad de mantener una agenda confiable | D57: Evitar choques de horario al agendar | E57: Vanessa | F57: Hecho | G57: 6 | I57: =G57-H57 -> 6 | L57: =I57-K57 -> 6 | O57: =L57-N57 -> 6 | R57: =O57-Q57 -> 6 | U57: =R57-T57 -> 6 | W57: 2.5 | X57: =U57-W57 -> 3.5 | Z57: 3 | AA57: =X57-Z57 -> 0.5 | AC57: 0.5 | AD57: =AA57-AC57 -> 0 | AG57: =AD57-AF57 -> 0 | AJ57: =AG57-AI57 -> 0 | AM57: =AJ57-AL57 -> 0 | AP57: =AM57-AO57 -> 0 | AS57: =AP57-AR57 -> 0 | AV57: =AS57-AU57 -> 0 | AY57: =AV57-AX57 -> 0 | BB57: =AY57-BA57 -> 0 | BE57: =BB57-BD57 -> 0 | BH57: =BE57-BG57 -> 0 | BK57: =BH57-BJ57 -> 0 | BN57: =BK57-BM57 -> 0 | BP57: =H57+K57+N57+Q57+T57+W57+Z57+AC57+AF57+AI57+AL57+AO57+AR57+AU57+AX57+BA57+BD57+BG57+BJ57+BM57 -> 6 | BQ57: =G57-BP57 -> 0
B58: HU-AGEN-0004 | C58: Como un psicólogo, necesito ver un calendario clínico semanal con mis citas, con la finalidad de revisar sesiones actuales y futuras | D58: Implementar el calendario clínico semanal | E58: Yosvani | F58: Hecho | G58: 1 | I58: =G58-H58 -> 1 | L58: =I58-K58 -> 1 | N58: 0.5 | O58: =L58-N58 -> 0.5 | Q58: 0.5 | R58: =O58-Q58 -> 0 | U58: =R58-T58 -> 0 | X58: =U58-W58 -> 0 | AA58: =X58-Z58 -> 0 | AD58: =AA58-AC58 -> 0 | AG58: =AD58-AF58 -> 0 | AJ58: =AG58-AI58 -> 0 | AM58: =AJ58-AL58 -> 0 | AP58: =AM58-AO58 -> 0 | AS58: =AP58-AR58 -> 0 | AV58: =AS58-AU58 -> 0 | AY58: =AV58-AX58 -> 0 | BB58: =AY58-BA58 -> 0 | BE58: =BB58-BD58 -> 0 | BH58: =BE58-BG58 -> 0 | BK58: =BH58-BJ58 -> 0 | BN58: =BK58-BM58 -> 0 | BP58: =H58+K58+N58+Q58+T58+W58+Z58+AC58+AF58+AI58+AL58+AO58+AR58+AU58+AX58+BA58+BD58+BG58+BJ58+BM58 -> 1 | BQ58: =G58-BP58 -> 0
D59: Mejorar el calendario | E59: Yosvani | F59: Hecho | G59: 1 | I59: =G59-H59 -> 1 | L59: =I59-K59 -> 1 | O59: =L59-N59 -> 1 | Q59: 1 | R59: =O59-Q59 -> 0 | U59: =R59-T59 -> 0 | X59: =U59-W59 -> 0 | AA59: =X59-Z59 -> 0 | AD59: =AA59-AC59 -> 0 | AG59: =AD59-AF59 -> 0 | AJ59: =AG59-AI59 -> 0 | AM59: =AJ59-AL59 -> 0 | AP59: =AM59-AO59 -> 0 | AS59: =AP59-AR59 -> 0 | AV59: =AS59-AU59 -> 0 | AY59: =AV59-AX59 -> 0 | BB59: =AY59-BA59 -> 0 | BE59: =BB59-BD59 -> 0 | BH59: =BE59-BG59 -> 0 | BK59: =BH59-BJ59 -> 0 | BN59: =BK59-BM59 -> 0 | BP59: =H59+K59+N59+Q59+T59+W59+Z59+AC59+AF59+AI59+AL59+AO59+AR59+AU59+AX59+BA59+BD59+BG59+BJ59+BM59 -> 1 | BQ59: =G59-BP59 -> 0
B60: HU-AGEN-0005 | C60: Como un psicólogo, necesito modificar la fecha u hora de una sesión, con la finalidad de reprogramar cuando sea necesario | D60: Implementar la reprogramación de citas | E60: Yosvani | F60: Hecho | G60: 1.5 | I60: =G60-H60 -> 1.5 | L60: =I60-K60 -> 1.5 | O60: =L60-N60 -> 1.5 | Q60: 1.5 | R60: =O60-Q60 -> 0 | U60: =R60-T60 -> 0 | X60: =U60-W60 -> 0 | AA60: =X60-Z60 -> 0 | AD60: =AA60-AC60 -> 0 | AG60: =AD60-AF60 -> 0 | AJ60: =AG60-AI60 -> 0 | AM60: =AJ60-AL60 -> 0 | AP60: =AM60-AO60 -> 0 | AS60: =AP60-AR60 -> 0 | AV60: =AS60-AU60 -> 0 | AY60: =AV60-AX60 -> 0 | BB60: =AY60-BA60 -> 0 | BE60: =BB60-BD60 -> 0 | BH60: =BE60-BG60 -> 0 | BK60: =BH60-BJ60 -> 0 | BN60: =BK60-BM60 -> 0 | BP60: =H60+K60+N60+Q60+T60+W60+Z60+AC60+AF60+AI60+AL60+AO60+AR60+AU60+AX60+BA60+BD60+BG60+BJ60+BM60 -> 1.5 | BQ60: =G60-BP60 -> 0
B61: HU-AGEN-0006 | C61: Como un psicólogo, necesito cancelar una sesión programada, con la finalidad de liberar el horario cuando no se realizará | D61: Implementar la cancelación de sesiones programadas | E61: Yosvani | F61: Hecho | G61: 0.5 | I61: =G61-H61 -> 0.5 | L61: =I61-K61 -> 0.5 | O61: =L61-N61 -> 0.5 | R61: =O61-Q61 -> 0.5 | T61: 0.5 | U61: =R61-T61 -> 0 | X61: =U61-W61 -> 0 | AA61: =X61-Z61 -> 0 | AD61: =AA61-AC61 -> 0 | AG61: =AD61-AF61 -> 0 | AJ61: =AG61-AI61 -> 0 | AM61: =AJ61-AL61 -> 0 | AP61: =AM61-AO61 -> 0 | AS61: =AP61-AR61 -> 0 | AV61: =AS61-AU61 -> 0 | AY61: =AV61-AX61 -> 0 | BB61: =AY61-BA61 -> 0 | BE61: =BB61-BD61 -> 0 | BH61: =BE61-BG61 -> 0 | BK61: =BH61-BJ61 -> 0 | BN61: =BK61-BM61 -> 0 | BP61: =H61+K61+N61+Q61+T61+W61+Z61+AC61+AF61+AI61+AL61+AO61+AR61+AU61+AX61+BA61+BD61+BG61+BJ61+BM61 -> 0.5 | BQ61: =G61-BP61 -> 0
B62: HU-AGEN-0007 | C62: Como un psicólogo, necesito revisar el historial de sesiones de un paciente por páginas, con la finalidad de consultar su atención sin una lista muy larga | D62: Paginar el historial de sesiones de 3 en 3 | E62: Vanessa | F62: Hecho | G62: 2.5 | I62: =G62-H62 -> 2.5 | L62: =I62-K62 -> 2.5 | O62: =L62-N62 -> 2.5 | R62: =O62-Q62 -> 2.5 | U62: =R62-T62 -> 2.5 | X62: =U62-W62 -> 2.5 | AA62: =X62-Z62 -> 2.5 | AC62: 2.5 | AD62: =AA62-AC62 -> 0 | AG62: =AD62-AF62 -> 0 | AJ62: =AG62-AI62 -> 0 | AM62: =AJ62-AL62 -> 0 | AP62: =AM62-AO62 -> 0 | AS62: =AP62-AR62 -> 0 | AV62: =AS62-AU62 -> 0 | AY62: =AV62-AX62 -> 0 | BB62: =AY62-BA62 -> 0 | BE62: =BB62-BD62 -> 0 | BH62: =BE62-BG62 -> 0 | BK62: =BH62-BJ62 -> 0 | BN62: =BK62-BM62 -> 0 | BP62: =H62+K62+N62+Q62+T62+W62+Z62+AC62+AF62+AI62+AL62+AO62+AR62+AU62+AX62+BA62+BD62+BG62+BJ62+BM62 -> 2.5 | BQ62: =G62-BP62 -> 0
B63: HU-AUTH-0006 | C63: Como un usuario con perfil de paciente y de psicólogo, necesito alternar entre ambos perfiles, con la finalidad de usar la app en los dos roles sin cerrar sesión | D63: Implementar la arquitectura multi-rol | E63: Yosvani | F63: Hecho | G63: 1.5 | I63: =G63-H63 -> 1.5 | L63: =I63-K63 -> 1.5 | O63: =L63-N63 -> 1.5 | R63: =O63-Q63 -> 1.5 | T63: 1.5 | U63: =R63-T63 -> 0 | X63: =U63-W63 -> 0 | AA63: =X63-Z63 -> 0 | AD63: =AA63-AC63 -> 0 | AG63: =AD63-AF63 -> 0 | AJ63: =AG63-AI63 -> 0 | AM63: =AJ63-AL63 -> 0 | AP63: =AM63-AO63 -> 0 | AS63: =AP63-AR63 -> 0 | AV63: =AS63-AU63 -> 0 | AY63: =AV63-AX63 -> 0 | BB63: =AY63-BA63 -> 0 | BE63: =BB63-BD63 -> 0 | BH63: =BE63-BG63 -> 0 | BK63: =BH63-BJ63 -> 0 | BN63: =BK63-BM63 -> 0 | BP63: =H63+K63+N63+Q63+T63+W63+Z63+AC63+AF63+AI63+AL63+AO63+AR63+AU63+AX63+BA63+BD63+BG63+BJ63+BM63 -> 1.5 | BQ63: =G63-BP63 -> 0
B64: HU-SEGU-0004 | C64: Como un administrador del servicio, necesito que el registro de pacientes y el agendamiento requieran una suscripción activa, con la finalidad de controlar el uso de la plataforma | D64: Implementar el sistema de suscripciones para especialistas | E64: Yosvani | F64: Hecho | G64: 1.5 | I64: =G64-H64 -> 1.5 | L64: =I64-K64 -> 1.5 | O64: =L64-N64 -> 1.5 | R64: =O64-Q64 -> 1.5 | T64: 1 | U64: =R64-T64 -> 0.5 | W64: 0.5 | X64: =U64-W64 -> 0 | AA64: =X64-Z64 -> 0 | AD64: =AA64-AC64 -> 0 | AG64: =AD64-AF64 -> 0 | AJ64: =AG64-AI64 -> 0 | AM64: =AJ64-AL64 -> 0 | AP64: =AM64-AO64 -> 0 | AS64: =AP64-AR64 -> 0 | AV64: =AS64-AU64 -> 0 | AY64: =AV64-AX64 -> 0 | BB64: =AY64-BA64 -> 0 | BE64: =BB64-BD64 -> 0 | BH64: =BE64-BG64 -> 0 | BK64: =BH64-BJ64 -> 0 | BN64: =BK64-BM64 -> 0 | BP64: =H64+K64+N64+Q64+T64+W64+Z64+AC64+AF64+AI64+AL64+AO64+AR64+AU64+AX64+BA64+BD64+BG64+BJ64+BM64 -> 1.5 | BQ64: =G64-BP64 -> 0
B65: HU-PERF-0002 | C65: Como un psicólogo, necesito ver mi perfil y el estado de mi suscripción, con la finalidad de saber si mi cuenta está activa | D65: Implementar el perfil del psicólogo con el estado de su suscripción | E65: Yosvani | F65: Hecho | G65: 0.5 | I65: =G65-H65 -> 0.5 | L65: =I65-K65 -> 0.5 | O65: =L65-N65 -> 0.5 | R65: =O65-Q65 -> 0.5 | U65: =R65-T65 -> 0.5 | W65: 0.5 | X65: =U65-W65 -> 0 | AA65: =X65-Z65 -> 0 | AD65: =AA65-AC65 -> 0 | AG65: =AD65-AF65 -> 0 | AJ65: =AG65-AI65 -> 0 | AM65: =AJ65-AL65 -> 0 | AP65: =AM65-AO65 -> 0 | AS65: =AP65-AR65 -> 0 | AV65: =AS65-AU65 -> 0 | AY65: =AV65-AX65 -> 0 | BB65: =AY65-BA65 -> 0 | BE65: =BB65-BD65 -> 0 | BH65: =BE65-BG65 -> 0 | BK65: =BH65-BJ65 -> 0 | BN65: =BK65-BM65 -> 0 | BP65: =H65+K65+N65+Q65+T65+W65+Z65+AC65+AF65+AI65+AL65+AO65+AR65+AU65+AX65+BA65+BD65+BG65+BJ65+BM65 -> 0.5 | BQ65: =G65-BP65 -> 0
B66: HU-ADMI-0001 | C66: Como un administrador, necesito registrar a un nuevo psicólogo desde una página web, con la finalidad de dar de alta a los especialistas | D66: Implementar el registro de psicólogos desde la página web | E66: Yosvani | F66: Hecho | G66: 1.5 | I66: =G66-H66 -> 1.5 | L66: =I66-K66 -> 1.5 | O66: =L66-N66 -> 1.5 | R66: =O66-Q66 -> 1.5 | U66: =R66-T66 -> 1.5 | W66: 1.5 | X66: =U66-W66 -> 0 | AA66: =X66-Z66 -> 0 | AD66: =AA66-AC66 -> 0 | AG66: =AD66-AF66 -> 0 | AJ66: =AG66-AI66 -> 0 | AM66: =AJ66-AL66 -> 0 | AP66: =AM66-AO66 -> 0 | AS66: =AP66-AR66 -> 0 | AV66: =AS66-AU66 -> 0 | AY66: =AV66-AX66 -> 0 | BB66: =AY66-BA66 -> 0 | BE66: =BB66-BD66 -> 0 | BH66: =BE66-BG66 -> 0 | BK66: =BH66-BJ66 -> 0 | BN66: =BK66-BM66 -> 0 | BP66: =H66+K66+N66+Q66+T66+W66+Z66+AC66+AF66+AI66+AL66+AO66+AR66+AU66+AX66+BA66+BD66+BG66+BJ66+BM66 -> 1.5 | BQ66: =G66-BP66 -> 0
B67: HU-ADMI-0002 | C67: Como un administrador, necesito ver a los psicólogos y actualizar su suscripción desde una página web, con la finalidad de controlar quién puede usar la plataforma | D67: Implementar la gestión de suscripciones desde la página web | E67: Yosvani | F67: Hecho | G67: 1.5 | I67: =G67-H67 -> 1.5 | L67: =I67-K67 -> 1.5 | O67: =L67-N67 -> 1.5 | R67: =O67-Q67 -> 1.5 | U67: =R67-T67 -> 1.5 | W67: 0.5 | X67: =U67-W67 -> 1 | Z67: 1 | AA67: =X67-Z67 -> 0 | AD67: =AA67-AC67 -> 0 | AG67: =AD67-AF67 -> 0 | AJ67: =AG67-AI67 -> 0 | AM67: =AJ67-AL67 -> 0 | AP67: =AM67-AO67 -> 0 | AS67: =AP67-AR67 -> 0 | AV67: =AS67-AU67 -> 0 | AY67: =AV67-AX67 -> 0 | BB67: =AY67-BA67 -> 0 | BE67: =BB67-BD67 -> 0 | BH67: =BE67-BG67 -> 0 | BK67: =BH67-BJ67 -> 0 | BN67: =BK67-BM67 -> 0 | BP67: =H67+K67+N67+Q67+T67+W67+Z67+AC67+AF67+AI67+AL67+AO67+AR67+AU67+AX67+BA67+BD67+BG67+BJ67+BM67 -> 1.5 | BQ67: =G67-BP67 -> 0
B68: HU-SEGU-0006 | C68: Como un administrador del servicio, necesito que el panel de administración y el registro de psicólogos exijan autenticación, con la finalidad de que solo personal autorizado cree especialistas y modifique suscripciones | D68: Exigir autenticación en el panel de administración | F68: Por iniciar | G68: 3 | I68: =G68-H68 -> 3 | L68: =I68-K68 -> 3 | O68: =L68-N68 -> 3 | R68: =O68-Q68 -> 3 | U68: =R68-T68 -> 3 | X68: =U68-W68 -> 3 | AA68: =X68-Z68 -> 3 | AD68: =AA68-AC68 -> 3 | AG68: =AD68-AF68 -> 3 | AJ68: =AG68-AI68 -> 3 | AM68: =AJ68-AL68 -> 3 | AP68: =AM68-AO68 -> 3 | AS68: =AP68-AR68 -> 3 | AV68: =AS68-AU68 -> 3 | AY68: =AV68-AX68 -> 3 | BB68: =AY68-BA68 -> 3 | BE68: =BB68-BD68 -> 3 | BH68: =BE68-BG68 -> 3 | BK68: =BH68-BJ68 -> 3 | BN68: =BK68-BM68 -> 3 | BP68: =H68+K68+N68+Q68+T68+W68+Z68+AC68+AF68+AI68+AL68+AO68+AR68+AU68+AX68+BA68+BD68+BG68+BJ68+BM68 -> 0 | BQ68: =G68-BP68 -> 3
D69: Exigir autenticación en el registro de psicólogos | F69: Por iniciar | G69: 3 | I69: =G69-H69 -> 3 | L69: =I69-K69 -> 3 | O69: =L69-N69 -> 3 | R69: =O69-Q69 -> 3 | U69: =R69-T69 -> 3 | X69: =U69-W69 -> 3 | AA69: =X69-Z69 -> 3 | AD69: =AA69-AC69 -> 3 | AG69: =AD69-AF69 -> 3 | AJ69: =AG69-AI69 -> 3 | AM69: =AJ69-AL69 -> 3 | AP69: =AM69-AO69 -> 3 | AS69: =AP69-AR69 -> 3 | AV69: =AS69-AU69 -> 3 | AY69: =AV69-AX69 -> 3 | BB69: =AY69-BA69 -> 3 | BE69: =BB69-BD69 -> 3 | BH69: =BE69-BG69 -> 3 | BK69: =BH69-BJ69 -> 3 | BN69: =BK69-BM69 -> 3 | BP69: =H69+K69+N69+Q69+T69+W69+Z69+AC69+AF69+AI69+AL69+AO69+AR69+AU69+AX69+BA69+BD69+BG69+BJ69+BM69 -> 0 | BQ69: =G69-BP69 -> 3
B70: HU-DASH-0001 | C70: Como un psicólogo, necesito un dashboard con los hábitos de cada paciente, con la fecha de cada registro, con la finalidad de analizar su evolución entre sesiones | D70: Diseñar la pantalla del dashboard de hábitos | E70: Yosvani | F70: Hecho | G70: 1.5 | I70: =G70-H70 -> 1.5 | L70: =I70-K70 -> 1.5 | O70: =L70-N70 -> 1.5 | R70: =O70-Q70 -> 1.5 | U70: =R70-T70 -> 1.5 | X70: =U70-W70 -> 1.5 | Z70: 1.5 | AA70: =X70-Z70 -> 0 | AD70: =AA70-AC70 -> 0 | AG70: =AD70-AF70 -> 0 | AJ70: =AG70-AI70 -> 0 | AM70: =AJ70-AL70 -> 0 | AP70: =AM70-AO70 -> 0 | AS70: =AP70-AR70 -> 0 | AV70: =AS70-AU70 -> 0 | AY70: =AV70-AX70 -> 0 | BB70: =AY70-BA70 -> 0 | BE70: =BB70-BD70 -> 0 | BH70: =BE70-BG70 -> 0 | BK70: =BH70-BJ70 -> 0 | BN70: =BK70-BM70 -> 0 | BP70: =H70+K70+N70+Q70+T70+W70+Z70+AC70+AF70+AI70+AL70+AO70+AR70+AU70+AX70+BA70+BD70+BG70+BJ70+BM70 -> 1.5 | BQ70: =G70-BP70 -> 0
D71: Consultar el historial de hábitos del paciente desde el backend | E71: Yosvani | F71: Hecho | G71: 1.5 | I71: =G71-H71 -> 1.5 | L71: =I71-K71 -> 1.5 | O71: =L71-N71 -> 1.5 | R71: =O71-Q71 -> 1.5 | U71: =R71-T71 -> 1.5 | X71: =U71-W71 -> 1.5 | Z71: 0.5 | AA71: =X71-Z71 -> 1 | AC71: 1 | AD71: =AA71-AC71 -> 0 | AG71: =AD71-AF71 -> 0 | AJ71: =AG71-AI71 -> 0 | AM71: =AJ71-AL71 -> 0 | AP71: =AM71-AO71 -> 0 | AS71: =AP71-AR71 -> 0 | AV71: =AS71-AU71 -> 0 | AY71: =AV71-AX71 -> 0 | BB71: =AY71-BA71 -> 0 | BE71: =BB71-BD71 -> 0 | BH71: =BE71-BG71 -> 0 | BK71: =BH71-BJ71 -> 0 | BN71: =BK71-BM71 -> 0 | BP71: =H71+K71+N71+Q71+T71+W71+Z71+AC71+AF71+AI71+AL71+AO71+AR71+AU71+AX71+BA71+BD71+BG71+BJ71+BM71 -> 1.5 | BQ71: =G71-BP71 -> 0
D72: Mostrar los hábitos con la fecha de cada registro | E72: Yosvani | F72: Hecho | G72: 1 | I72: =G72-H72 -> 1 | L72: =I72-K72 -> 1 | O72: =L72-N72 -> 1 | R72: =O72-Q72 -> 1 | U72: =R72-T72 -> 1 | X72: =U72-W72 -> 1 | AA72: =X72-Z72 -> 1 | AC72: 1 | AD72: =AA72-AC72 -> 0 | AG72: =AD72-AF72 -> 0 | AJ72: =AG72-AI72 -> 0 | AM72: =AJ72-AL72 -> 0 | AP72: =AM72-AO72 -> 0 | AS72: =AP72-AR72 -> 0 | AV72: =AS72-AU72 -> 0 | AY72: =AV72-AX72 -> 0 | BB72: =AY72-BA72 -> 0 | BE72: =BB72-BD72 -> 0 | BH72: =BE72-BG72 -> 0 | BK72: =BH72-BJ72 -> 0 | BN72: =BK72-BM72 -> 0 | BP72: =H72+K72+N72+Q72+T72+W72+Z72+AC72+AF72+AI72+AL72+AO72+AR72+AU72+AX72+BA72+BD72+BG72+BJ72+BM72 -> 1 | BQ72: =G72-BP72 -> 0
B73: HU-DASH-0002 | C73: Como un psicólogo, necesito elegir el rango de días o fechas específicas del dashboard y ver los promedios, con la finalidad de revisar el período que me interesa | D73: Agregar el selector de rango de fechas | E73: Yosvani | F73: Hecho | G73: 0.5 | I73: =G73-H73 -> 0.5 | L73: =I73-K73 -> 0.5 | O73: =L73-N73 -> 0.5 | R73: =O73-Q73 -> 0.5 | U73: =R73-T73 -> 0.5 | X73: =U73-W73 -> 0.5 | AA73: =X73-Z73 -> 0.5 | AC73: 0.5 | AD73: =AA73-AC73 -> 0 | AG73: =AD73-AF73 -> 0 | AJ73: =AG73-AI73 -> 0 | AM73: =AJ73-AL73 -> 0 | AP73: =AM73-AO73 -> 0 | AS73: =AP73-AR73 -> 0 | AV73: =AS73-AU73 -> 0 | AY73: =AV73-AX73 -> 0 | BB73: =AY73-BA73 -> 0 | BE73: =BB73-BD73 -> 0 | BH73: =BE73-BG73 -> 0 | BK73: =BH73-BJ73 -> 0 | BN73: =BK73-BM73 -> 0 | BP73: =H73+K73+N73+Q73+T73+W73+Z73+AC73+AF73+AI73+AL73+AO73+AR73+AU73+AX73+BA73+BD73+BG73+BJ73+BM73 -> 0.5 | BQ73: =G73-BP73 -> 0
D74: Calcular los promedios del período elegido | E74: Yosvani | F74: Hecho | G74: 0.5 | I74: =G74-H74 -> 0.5 | L74: =I74-K74 -> 0.5 | O74: =L74-N74 -> 0.5 | R74: =O74-Q74 -> 0.5 | U74: =R74-T74 -> 0.5 | X74: =U74-W74 -> 0.5 | AA74: =X74-Z74 -> 0.5 | AC74: 0.5 | AD74: =AA74-AC74 -> 0 | AG74: =AD74-AF74 -> 0 | AJ74: =AG74-AI74 -> 0 | AM74: =AJ74-AL74 -> 0 | AP74: =AM74-AO74 -> 0 | AS74: =AP74-AR74 -> 0 | AV74: =AS74-AU74 -> 0 | AY74: =AV74-AX74 -> 0 | BB74: =AY74-BA74 -> 0 | BE74: =BB74-BD74 -> 0 | BH74: =BE74-BG74 -> 0 | BK74: =BH74-BJ74 -> 0 | BN74: =BK74-BM74 -> 0 | BP74: =H74+K74+N74+Q74+T74+W74+Z74+AC74+AF74+AI74+AL74+AO74+AR74+AU74+AX74+BA74+BD74+BG74+BJ74+BM74 -> 0.5 | BQ74: =G74-BP74 -> 0
B76: Sprint 6 · 19/10/2026 al 01/11/2026 · Desarrollo del agente H.O.P.E. HU-HOPE-0001 | C76: Como un paciente, necesito una pantalla de conversación con H.O.P.E., con la finalidad de acceder al apoyo entre sesiones | D76: Integrar la pantalla de H.O.P.E. en la navegación del paciente | E76: Yosvani | F76: En proceso | G76: 6 | I76: =G76-H76 -> 6 | L76: =I76-K76 -> 6 | O76: =L76-N76 -> 6 | R76: =O76-Q76 -> 6 | U76: =R76-T76 -> 6 | X76: =U76-W76 -> 6 | AA76: =X76-Z76 -> 6 | AD76: =AA76-AC76 -> 6 | AG76: =AD76-AF76 -> 6 | AJ76: =AG76-AI76 -> 6 | AM76: =AJ76-AL76 -> 6 | AP76: =AM76-AO76 -> 6 | AS76: =AP76-AR76 -> 6 | AV76: =AS76-AU76 -> 6 | AY76: =AV76-AX76 -> 6 | BB76: =AY76-BA76 -> 6 | BE76: =BB76-BD76 -> 6 | BH76: =BE76-BG76 -> 6 | BK76: =BH76-BJ76 -> 6 | BN76: =BK76-BM76 -> 6 | BP76: =H76+K76+N76+Q76+T76+W76+Z76+AC76+AF76+AI76+AL76+AO76+AR76+AU76+AX76+BA76+BD76+BG76+BJ76+BM76 -> 0 | BQ76: =G76-BP76 -> 6
B77: HU-HOPE-0002 | C77: Como un paciente, necesito que H.O.P.E. me responda usando un modelo de inteligencia artificial, con la finalidad de recibir acompañamiento entre sesiones | D77: Conectar H.O.P.E. a un modelo de inteligencia artificial | F77: Por iniciar | G77: 26 | I77: =G77-H77 -> 26 | L77: =I77-K77 -> 26 | O77: =L77-N77 -> 26 | R77: =O77-Q77 -> 26 | U77: =R77-T77 -> 26 | X77: =U77-W77 -> 26 | AA77: =X77-Z77 -> 26 | AD77: =AA77-AC77 -> 26 | AG77: =AD77-AF77 -> 26 | AJ77: =AG77-AI77 -> 26 | AM77: =AJ77-AL77 -> 26 | AP77: =AM77-AO77 -> 26 | AS77: =AP77-AR77 -> 26 | AV77: =AS77-AU77 -> 26 | AY77: =AV77-AX77 -> 26 | BB77: =AY77-BA77 -> 26 | BE77: =BB77-BD77 -> 26 | BH77: =BE77-BG77 -> 26 | BK77: =BH77-BJ77 -> 26 | BN77: =BK77-BM77 -> 26 | BP77: =H77+K77+N77+Q77+T77+W77+Z77+AC77+AF77+AI77+AL77+AO77+AR77+AU77+AX77+BA77+BD77+BG77+BJ77+BM77 -> 0 | BQ77: =G77-BP77 -> 26
B78: HU-HOPE-0003 | C78: Como un paciente, necesito que H.O.P.E. responda dentro de instrucciones y límites definidos, con la finalidad de recibir apoyo seguro que no reemplaza a mi psicólogo | D78: Definir las instrucciones y los límites del agente | F78: Por iniciar | G78: 10 | I78: =G78-H78 -> 10 | L78: =I78-K78 -> 10 | O78: =L78-N78 -> 10 | R78: =O78-Q78 -> 10 | U78: =R78-T78 -> 10 | X78: =U78-W78 -> 10 | AA78: =X78-Z78 -> 10 | AD78: =AA78-AC78 -> 10 | AG78: =AD78-AF78 -> 10 | AJ78: =AG78-AI78 -> 10 | AM78: =AJ78-AL78 -> 10 | AP78: =AM78-AO78 -> 10 | AS78: =AP78-AR78 -> 10 | AV78: =AS78-AU78 -> 10 | AY78: =AV78-AX78 -> 10 | BB78: =AY78-BA78 -> 10 | BE78: =BB78-BD78 -> 10 | BH78: =BE78-BG78 -> 10 | BK78: =BH78-BJ78 -> 10 | BN78: =BK78-BM78 -> 10 | BP78: =H78+K78+N78+Q78+T78+W78+Z78+AC78+AF78+AI78+AL78+AO78+AR78+AU78+AX78+BA78+BD78+BG78+BJ78+BM78 -> 0 | BQ78: =G78-BP78 -> 10
B79: HU-HOPE-0004 | C79: Como un paciente, necesito poder hablar con H.O.P.E. desde el registro de mis hábitos, con la finalidad de pedir apoyo cuando lo estime conveniente | D79: Agregar el acceso a H.O.P.E. desde el registro de hábitos | F79: Por iniciar | G79: 4 | I79: =G79-H79 -> 4 | L79: =I79-K79 -> 4 | O79: =L79-N79 -> 4 | R79: =O79-Q79 -> 4 | U79: =R79-T79 -> 4 | X79: =U79-W79 -> 4 | AA79: =X79-Z79 -> 4 | AD79: =AA79-AC79 -> 4 | AG79: =AD79-AF79 -> 4 | AJ79: =AG79-AI79 -> 4 | AM79: =AJ79-AL79 -> 4 | AP79: =AM79-AO79 -> 4 | AS79: =AP79-AR79 -> 4 | AV79: =AS79-AU79 -> 4 | AY79: =AV79-AX79 -> 4 | BB79: =AY79-BA79 -> 4 | BE79: =BB79-BD79 -> 4 | BH79: =BE79-BG79 -> 4 | BK79: =BH79-BJ79 -> 4 | BN79: =BK79-BM79 -> 4 | BP79: =H79+K79+N79+Q79+T79+W79+Z79+AC79+AF79+AI79+AL79+AO79+AR79+AU79+AX79+BA79+BD79+BG79+BJ79+BM79 -> 0 | BQ79: =G79-BP79 -> 4
B80: HU-EJER-0003 | C80: Como un paciente, necesito que H.O.P.E. me recomiende ejercicios y respiraciones, con la finalidad de manejar mi ansiedad o estrés en el momento | D80: Hacer que H.O.P.E. recomiende ejercicios y respiraciones | F80: Por iniciar | G80: 10 | I80: =G80-H80 -> 10 | L80: =I80-K80 -> 10 | O80: =L80-N80 -> 10 | R80: =O80-Q80 -> 10 | U80: =R80-T80 -> 10 | X80: =U80-W80 -> 10 | AA80: =X80-Z80 -> 10 | AD80: =AA80-AC80 -> 10 | AG80: =AD80-AF80 -> 10 | AJ80: =AG80-AI80 -> 10 | AM80: =AJ80-AL80 -> 10 | AP80: =AM80-AO80 -> 10 | AS80: =AP80-AR80 -> 10 | AV80: =AS80-AU80 -> 10 | AY80: =AV80-AX80 -> 10 | BB80: =AY80-BA80 -> 10 | BE80: =BB80-BD80 -> 10 | BH80: =BE80-BG80 -> 10 | BK80: =BH80-BJ80 -> 10 | BN80: =BK80-BM80 -> 10 | BP80: =H80+K80+N80+Q80+T80+W80+Z80+AC80+AF80+AI80+AL80+AO80+AR80+AU80+AX80+BA80+BD80+BG80+BJ80+BM80 -> 0 | BQ80: =G80-BP80 -> 10
B81: HU-SEGU-0005 | C81: Como un paciente, necesito que mis conversaciones con H.O.P.E. se guarden cifradas, con la finalidad de proteger mi información | D81: Cifrar las conversaciones con H.O.P.E. | F81: Por iniciar | G81: 16 | I81: =G81-H81 -> 16 | L81: =I81-K81 -> 16 | O81: =L81-N81 -> 16 | R81: =O81-Q81 -> 16 | U81: =R81-T81 -> 16 | X81: =U81-W81 -> 16 | AA81: =X81-Z81 -> 16 | AD81: =AA81-AC81 -> 16 | AG81: =AD81-AF81 -> 16 | AJ81: =AG81-AI81 -> 16 | AM81: =AJ81-AL81 -> 16 | AP81: =AM81-AO81 -> 16 | AS81: =AP81-AR81 -> 16 | AV81: =AS81-AU81 -> 16 | AY81: =AV81-AX81 -> 16 | BB81: =AY81-BA81 -> 16 | BE81: =BB81-BD81 -> 16 | BH81: =BE81-BG81 -> 16 | BK81: =BH81-BJ81 -> 16 | BN81: =BK81-BM81 -> 16 | BP81: =H81+K81+N81+Q81+T81+W81+Z81+AC81+AF81+AI81+AL81+AO81+AR81+AU81+AX81+BA81+BD81+BG81+BJ81+BM81 -> 0 | BQ81: =G81-BP81 -> 16
B82: HU-DASH-0003 | C82: Como un psicólogo, necesito consultar las conversaciones del paciente con H.O.P.E., con su consentimiento, con la finalidad de complementar el seguimiento | D82: Mostrar al psicólogo las conversaciones con H.O.P.E. (con consentimiento) | F82: Por iniciar | G82: 16 | I82: =G82-H82 -> 16 | L82: =I82-K82 -> 16 | O82: =L82-N82 -> 16 | R82: =O82-Q82 -> 16 | U82: =R82-T82 -> 16 | X82: =U82-W82 -> 16 | AA82: =X82-Z82 -> 16 | AD82: =AA82-AC82 -> 16 | AG82: =AD82-AF82 -> 16 | AJ82: =AG82-AI82 -> 16 | AM82: =AJ82-AL82 -> 16 | AP82: =AM82-AO82 -> 16 | AS82: =AP82-AR82 -> 16 | AV82: =AS82-AU82 -> 16 | AY82: =AV82-AX82 -> 16 | BB82: =AY82-BA82 -> 16 | BE82: =BB82-BD82 -> 16 | BH82: =BE82-BG82 -> 16 | BK82: =BH82-BJ82 -> 16 | BN82: =BK82-BM82 -> 16 | BP82: =H82+K82+N82+Q82+T82+W82+Z82+AC82+AF82+AI82+AL82+AO82+AR82+AU82+AX82+BA82+BD82+BG82+BJ82+BM82 -> 0 | BQ82: =G82-BP82 -> 16
B84: Sprint 7 · 02/11/2026 al 15/11/2026 · Revisiones finales y testing HU-TEST-0001 | C84: Como un equipo de desarrollo, necesito probar y corregir las funcionalidades, con la finalidad de verificar el cumplimiento de los requerimientos | D84: Realizar pruebas funcionales y de integración | F84: En proceso | G84: 6 | I84: =G84-H84 -> 6 | L84: =I84-K84 -> 6 | O84: =L84-N84 -> 6 | R84: =O84-Q84 -> 6 | U84: =R84-T84 -> 6 | X84: =U84-W84 -> 6 | AA84: =X84-Z84 -> 6 | AD84: =AA84-AC84 -> 6 | AG84: =AD84-AF84 -> 6 | AJ84: =AG84-AI84 -> 6 | AM84: =AJ84-AL84 -> 6 | AP84: =AM84-AO84 -> 6 | AS84: =AP84-AR84 -> 6 | AV84: =AS84-AU84 -> 6 | AY84: =AV84-AX84 -> 6 | BB84: =AY84-BA84 -> 6 | BE84: =BB84-BD84 -> 6 | BH84: =BE84-BG84 -> 6 | BK84: =BH84-BJ84 -> 6 | BN84: =BK84-BM84 -> 6 | BP84: =H84+K84+N84+Q84+T84+W84+Z84+AC84+AF84+AI84+AL84+AO84+AR84+AU84+AX84+BA84+BD84+BG84+BJ84+BM84 -> 0 | BQ84: =G84-BP84 -> 6
D85: Corregir los errores encontrados | F85: En proceso | G85: 5 | I85: =G85-H85 -> 5 | L85: =I85-K85 -> 5 | O85: =L85-N85 -> 5 | R85: =O85-Q85 -> 5 | U85: =R85-T85 -> 5 | X85: =U85-W85 -> 5 | AA85: =X85-Z85 -> 5 | AD85: =AA85-AC85 -> 5 | AG85: =AD85-AF85 -> 5 | AJ85: =AG85-AI85 -> 5 | AM85: =AJ85-AL85 -> 5 | AP85: =AM85-AO85 -> 5 | AS85: =AP85-AR85 -> 5 | AV85: =AS85-AU85 -> 5 | AY85: =AV85-AX85 -> 5 | BB85: =AY85-BA85 -> 5 | BE85: =BB85-BD85 -> 5 | BH85: =BE85-BG85 -> 5 | BK85: =BH85-BJ85 -> 5 | BN85: =BK85-BM85 -> 5 | BP85: =H85+K85+N85+Q85+T85+W85+Z85+AC85+AF85+AI85+AL85+AO85+AR85+AU85+AX85+BA85+BD85+BG85+BJ85+BM85 -> 0 | BQ85: =G85-BP85 -> 5
D86: Analizar la calidad del código con SonarQube | F86: En proceso | G86: 5 | I86: =G86-H86 -> 5 | L86: =I86-K86 -> 5 | O86: =L86-N86 -> 5 | R86: =O86-Q86 -> 5 | U86: =R86-T86 -> 5 | X86: =U86-W86 -> 5 | AA86: =X86-Z86 -> 5 | AD86: =AA86-AC86 -> 5 | AG86: =AD86-AF86 -> 5 | AJ86: =AG86-AI86 -> 5 | AM86: =AJ86-AL86 -> 5 | AP86: =AM86-AO86 -> 5 | AS86: =AP86-AR86 -> 5 | AV86: =AS86-AU86 -> 5 | AY86: =AV86-AX86 -> 5 | BB86: =AY86-BA86 -> 5 | BE86: =BB86-BD86 -> 5 | BH86: =BE86-BG86 -> 5 | BK86: =BH86-BJ86 -> 5 | BN86: =BK86-BM86 -> 5 | BP86: =H86+K86+N86+Q86+T86+W86+Z86+AC86+AF86+AI86+AL86+AO86+AR86+AU86+AX86+BA86+BD86+BG86+BJ86+BM86 -> 0 | BQ86: =G86-BP86 -> 5
B88: Sprint 8 · 16/11/2026 al 29/11/2026 · Presentación final del proyecto N/A | C88: Sin historia de usuario (actividad de cierre del proyecto) | D88: Preparar la presentación final | E88: Ambos | F88: Por iniciar | G88: 12 | I88: =G88-H88 -> 12 | L88: =I88-K88 -> 12 | O88: =L88-N88 -> 12 | R88: =O88-Q88 -> 12 | U88: =R88-T88 -> 12 | X88: =U88-W88 -> 12 | AA88: =X88-Z88 -> 12 | AD88: =AA88-AC88 -> 12 | AG88: =AD88-AF88 -> 12 | AJ88: =AG88-AI88 -> 12 | AM88: =AJ88-AL88 -> 12 | AP88: =AM88-AO88 -> 12 | AS88: =AP88-AR88 -> 12 | AV88: =AS88-AU88 -> 12 | AY88: =AV88-AX88 -> 12 | BB88: =AY88-BA88 -> 12 | BE88: =BB88-BD88 -> 12 | BH88: =BE88-BG88 -> 12 | BK88: =BH88-BJ88 -> 12 | BN88: =BK88-BM88 -> 12 | BP88: =H88+K88+N88+Q88+T88+W88+Z88+AC88+AF88+AI88+AL88+AO88+AR88+AU88+AX88+BA88+BD88+BG88+BJ88+BM88 -> 0 | BQ88: =G88-BP88 -> 12
D89: Demostrar las funcionalidades implementadas | E89: Ambos | F89: Por iniciar | G89: 6 | I89: =G89-H89 -> 6 | L89: =I89-K89 -> 6 | O89: =L89-N89 -> 6 | R89: =O89-Q89 -> 6 | U89: =R89-T89 -> 6 | X89: =U89-W89 -> 6 | AA89: =X89-Z89 -> 6 | AD89: =AA89-AC89 -> 6 | AG89: =AD89-AF89 -> 6 | AJ89: =AG89-AI89 -> 6 | AM89: =AJ89-AL89 -> 6 | AP89: =AM89-AO89 -> 6 | AS89: =AP89-AR89 -> 6 | AV89: =AS89-AU89 -> 6 | AY89: =AV89-AX89 -> 6 | BB89: =AY89-BA89 -> 6 | BE89: =BB89-BD89 -> 6 | BH89: =BE89-BG89 -> 6 | BK89: =BH89-BJ89 -> 6 | BN89: =BK89-BM89 -> 6 | BP89: =H89+K89+N89+Q89+T89+W89+Z89+AC89+AF89+AI89+AL89+AO89+AR89+AU89+AX89+BA89+BD89+BG89+BJ89+BM89 -> 0 | BQ89: =G89-BP89 -> 6
D90: Presentar los resultados y el cumplimiento de los objetivos | E90: Ambos | F90: Por iniciar | G90: 6 | I90: =G90-H90 -> 6 | L90: =I90-K90 -> 6 | O90: =L90-N90 -> 6 | R90: =O90-Q90 -> 6 | U90: =R90-T90 -> 6 | X90: =U90-W90 -> 6 | AA90: =X90-Z90 -> 6 | AD90: =AA90-AC90 -> 6 | AG90: =AD90-AF90 -> 6 | AJ90: =AG90-AI90 -> 6 | AM90: =AJ90-AL90 -> 6 | AP90: =AM90-AO90 -> 6 | AS90: =AP90-AR90 -> 6 | AV90: =AS90-AU90 -> 6 | AY90: =AV90-AX90 -> 6 | BB90: =AY90-BA90 -> 6 | BE90: =BB90-BD90 -> 6 | BH90: =BE90-BG90 -> 6 | BK90: =BH90-BJ90 -> 6 | BN90: =BK90-BM90 -> 6 | BP90: =H90+K90+N90+Q90+T90+W90+Z90+AC90+AF90+AI90+AL90+AO90+AR90+AU90+AX90+BA90+BD90+BG90+BJ90+BM90 -> 0 | BQ90: =G90-BP90 -> 6

Sheet Instructivo
B1: Lista de tareas de la iteración (Product Backlog): Instructivo
B2: Elaborado por: pmoinformatica.com
B4: Columna | C4: Instrucciones
B5: ='Historias de Usuario'!B5 -> Identificador (ID) de item de product backlog | C5: Código que hace referencia al elemento de la pila de producto (Product Backlog) al cual la tarea de la iteración hace referencia.
B6: ='Historias de Usuario'!C5 -> Enunciado del item de Product Backlog | C6: Enunciado o nombre del elemento de pila de producto (Product Backlog). En la mayoría de los casos, el nombre asignado al elemento de product backlog es el mismo de la historia de usuario.
B7: Tarea | C7: Nombre de la tarea de iteración (Sprint) especificada en esta línea, representa el elemento mínimo que se planifica. Para completar un elemento de product backlog / historia se necesitaran ejecutar varias tareas, por ejemplo: Diseñar pantalla, vincular campos con la base de datos, definir procesos, configurar conexiones con interfaces o base de datos, entre otros.
B8: Dueño / Voluntario | C8: Persona integrante del equipo Scrum que ha tomado responsabilidad de la tarea. Se le denomina también voluntario porque en Scrum las tareas no son asignadas por un Gerente o supervisor, sino que cada integrante selecciona la tarea que va a ejecutar en cada reunión diaria. Una persona tomará una o varias tareas en la reunión diaria, y una vez que estas sean completadas (según la definición de "hecho") podrá tomar otras tareas.
B9: Estatus | C9: Estado actual de la tarea. Los tipos de estatus son decididos por el equipo y Scrum Master. Por ejemplo, una clasificación de estatus podría ser: Por iniciar, en proceso y hecho (completado). La clasificación de estatus también se puede vincular con las columnas que se reflejan en un tablero Kanban.
B10: Horas estimadas totales | C10: Horas que han sido estimadas por el equipo Scrum que serán necesarias para ejecutar la tarea. La asignación de estimados se realiza durante la reunión de planificación de la iteración (Sprint Planning Meeting).
B11: Día 1 …. Día n | C11: Una vez comienza a ejecutarse la iteración, se utilizan las columnas para llevar un registro de las horas que se han consumido en cada tarea y cuantas horas restan para completarla.
B12: Cons. | C12: Horas consumidas en la tarea en el día especificado.
B13: Rest. | C13: Horas que restan luego de registrarse el consumo diario. Se calcula tomando las horas que restaban el día anterior y se resta las horas consumidas en el día. Si se trata del primer día, se restan las horas del día 1 al estimado de horas totales.
B14: Total | C14: Registra la suma de todas las horas consumidas en el Sprint y las horas que restan finalmente. Las horas restantes deberían ser de cero si se logro ejecutar la tarea en su totalidad.

Sheet Criterio de estimación
A1: Criterio de estimación de horas
A2: Las horas estimadas salen de los puntos de historia del Product Backlog: horas de la historia = puntos × 2, repartidas en partes iguales entre sus tareas. Las tareas sin historia de usuario (N/A) se estimaron directamente. Son estimaciones iniciales, pendientes de validar por el equipo. Las horas consumidas (Cons.) son una reconstrucción aproximada, explicada más abajo.
A4: Sprint | B4: Tema | C4: Horas estimadas
A5: 1 | B5: Análisis de problemática y solución | C5: =SUM('Historias de Usuario'!G6:G8) -> 28
A6: 2 | B6: Planificación y definición | C6: =SUM('Historias de Usuario'!G10:G13) -> 30
A7: 3 | B7: Login y conexión a BD | C7: =SUM('Historias de Usuario'!G15:G29) -> 34
A8: 4 | B8: Vista del paciente | C8: =SUM('Historias de Usuario'!G31:G40) -> 50
A9: 5 | B9: Vista del psicólogo | C9: =SUM('Historias de Usuario'!G42:G74) -> 54
A10: 6 | B10: Agente H.O.P.E. | C10: =SUM('Historias de Usuario'!G76:G82) -> 88
A11: 7 | B11: Revisiones finales y testing | C11: =SUM('Historias de Usuario'!G84:G86) -> 16
A12: 8 | B12: Presentación final | C12: =SUM('Historias de Usuario'!G88:G90) -> 24
A13: Total | C13: =SUM(C5:C12) -> 324
A15: Horas consumidas (reconstrucción)
A16: No existe un registro diario de horas. Se reconstruyeron a partir de lo informado por el equipo: una dedicación al proyecto de unas 5 horas diarias por integrante. Solo se registran las horas de las tareas de desarrollo listadas en este archivo, con un máximo de 3 horas por día por integrante; el resto de la dedicación (reuniones, documentación, pruebas y aprendizaje) no está incluida. Las horas se repartieron entre las tareas ya realizadas de cada sprint, en el orden de la lista y según su dueño. En los sprints 3 y 5, donde el trabajo estimado de un integrante superaba ese máximo, las horas estimadas de esas tareas se ajustaron proporcionalmente. En el sprint 5 se registran todas las tareas terminadas hasta el 14/10/2026 (8 días hábiles); como su trabajo estimado superaba la capacidad de ese período, sus horas se ajustaron proporcionalmente, en tramos de media hora. Los sprints 6 a 8 no tienen horas consumidas porque aún no comienzan.
